,0
0,fl**
1, 2일 전
2,신고
3,★★★★★ 맛 ★ 5 양 ★ 4 배달 ★ 5
4,"예~~~~전 보다 닭이 작아졌는게 그건 회사 방침이겠고, 종로 성대점은 늘 좋아요. 바삭하게 잘 먹었어요"
5,da**
6, 3일 전
7,신고
8,★★★★★ 맛 ★ 5 양 ★ 5 배달 ★ 5
9,뿌링클/1
10,진짜너무너무맛있습니다
11,ay**
12, 4일 전
13,신고
14,★★★★★ 맛 ★ 4 양 ★ 5 배달 ★ 4
15,핫후라이드/1
16,맛있으면 먹어봐요 멋있어요
17,ga**
18, 4일 전
19,신고
20,★★★★★ 맛 ★ 5 양 ★ 5 배달 ★ 5
21,"뿌링클순살/1(디저트(뿌링소떡),옵션(콜라1.25L))"
22,뿌링클 가루도 많이 뿌려주셔서 더 맛있게 먹었습니다!
23,ni**
24, 5일 전
25,신고
26,★★★★★ 맛 ★ 5 양 ★ 5
27,후라이드/1
28,후라이드치킨 따뜻할 때 먹으니 넘 맛나요^^
29,wl**
30, 5일 전
31,신고
32,★★★★★ 맛 ★ 5 양 ★ 5
33,항상 맛있게 먹어요
34,ja**
35, 일주일 전
36,신고
37,★★★★★ 맛 ★ 5 양 ★ 5 배달 ★ 5
38,뿌링클/1
39,뿌링클이 최고죠! 맛있게 먹었습니다~
40,jy**
41, 2022년 4월 11일
42,신고
43,★★★★★ 맛 ★ 5 양 ★ 5 배달 ★ 5
44,맛있게 잘 먹었습니다
45,zu**
46, 2022년 4월 11일
47,신고
48,★★★★★ 맛 ★ 5 양 ★ 5
49,맛있어요~ 잘 먹게 습니다.
50,yr**
51, 2022년 4월 11일
52,신고
53,★★★★★ 맛 ★ 5 양 ★ 5
54,뿌링클/1
55,자~~알 묵고 갑니다
56,na**
57, 2022년 4월 10일
58,신고
59,★★★★★ 맛 ★ 5 양 ★ 5 배달 ★ 5
60,맛있어요! 감사합니다!
61,87**
62, 2022년 4월 10일
63,신고
64,★★★★★ 맛 ★ 5 양 ★ 5 배달 ★ 5
65,맛있어요 굿굿 굿！！
66,ga**
67, 2022년 4월 10일
68,신고
69,★★★★★ 맛 ★ 5 양 ★ 5 배달 ★ 5
70,뿌링클순살/1
71,맛있게 먹고 있어요~
72,wq**
73, 2022년 4월 10일
74,신고
75,★★★★★ 맛 ★ 5 양 ★ 5 배달 ★ 5
76,너무 너무 맛있어요!
77,wr**
78, 2022년 4월 10일
79,신고
80,★★★★★ 맛 ★ 5 양 ★ 5 배달 ★ 5
81,"뿌링클순살/1(디저트(뿌링감자,뿌링치즈스틱))"
82,배달도 빠르고 맛있어요~~~역쉬 쁘링클~~~~~!!!!
83,ls**
84, 2022년 4월 10일
85,신고
86,★★★★★ 맛 ★ 5 양 ★ 5
87,뿌링클/1
88,맛있고 양도 많아요%~
89,ga**
90, 2022년 4월 10일
91,신고
92,★★★★★ 맛 ★ 5 양 ★ 5 배달 ★ 5
93,맛초킹/1
94,밥이랑 먹으니깐 완전 맛있어요
95,ga**
96, 2022년 4월 10일
97,신고
98,★★★★★ 맛 ★ 5 양 ★ 5 배달 ★ 5
99,"뿌링빅콜팝/1(디저트(달콤바삭치즈볼),옵션(콜라1.25L))"
100,맛있어요 치즈볼도 빵피가 안 눅지고 바삭해서 맛있었어요
101,la**
102, 2022년 4월 10일
103,신고
104,★★★★★ 맛 ★ 5 양 ★ 5 배달 ★ 5
105,맛초킹（반）＋치즈볼/1
106,잘 먹었습니다 ~~~~~
107,kl**
108, 2022년 4월 10일
109,신고
110,★★★★★ 맛 ★ 5 양 ★ 5 배달 ★ 5
111,맛초킹/1
112,너무 맛있습니다^^
113,le**
114, 2022년 4월 9일
115,신고
116,★★★★★ 맛 ★ 5 양 ★ 5
117,골드킹/1
118,골드킹 맛있게 먹었어요
119,ta**
120, 2022년 4월 9일
121,신고
122,★★★★★ 맛 ★ 4 양 ★ 4 배달 ★ 3
123,후라이드 반／양념 반/1
124,배달료도비싼데 배송도늦고 음식도식어있네요ㅡㅜ
125,ki**
126, 2022년 4월 9일
127,신고
128,★★★★★ 맛 ★ 5 양 ★ 5
129,뿌링클은 성대점만한곳 없어요 기름쩐내 안나고 바삭하고 가루 이빠이
130,zo**
131, 2022년 4월 9일
132,신고
133,★★★★★ 맛 ★ 5 양 ★ 5
134,맛있고 친절하세요!!
135,du**
136, 2022년 4월 9일
137,신고
138,★★★★★ 맛 ★ 5 양 ★ 5 배달 ★ 5
139,뿌링클/1
140,너무 맛있네~~ 배송도 빨라요~~
141,ka**
142, 2022년 4월 9일
143,신고
144,★★★★★ 맛 ★ 5 양 ★ 5 배달 ★ 5
145,맛있고 배달 빠르고 좋아요!
146,we**
147, 2022년 4월 8일
148,신고
149,★★★★★ 맛 ★ 5 양 ★ 5
150,맛초킹 콤보/1
151,맛이 다양해서 다음번엔 다른걸로^^
152,io**
153, 2022년 4월 8일
154,신고
155,★★★★★ 맛 ★ 5 양 ★ 5 배달 ★ 5
156,넘맛있게먹았어요 오오오
157,we**
158, 2022년 4월 8일
159,신고
160,★★★★★ 맛 ★ 5 양 ★ 5
161,맛초킹 스틱/1
162,완전 기대됩니다^^
163,ga**
164, 2022년 4월 8일
165,신고
166,★★★★★ 맛 ★ 1 양 ★ 5 배달 ★ 5
167,뿌링클/1
168,뿌링클 처음먹는 거도 아닌데 이번에는 유난히 치킨이 퍽퍽하네요. 상온에 수시간 방치된 치킨을 먹는 느낌이었습니다.
169,tk**
170, 2022년 4월 8일
171,신고
172,★★★★★ 맛 ★ 5 양 ★ 5 배달 ★ 5
173,반마리세트 구성 맘에 드네요ㅎㅎ 뿌링클+치즈볼 말해모해 존맛~!
174,ws**
175, 2022년 4월 8일
176,신고
177,★★★★★ 맛 ★ 5 양 ★ 5 배달 ★ 5
178,후라이드 반／양념 반/1
179,매번 bhc는 여기서만 시켜요
180,ws**
181, 2022년 4월 8일
182,신고
183,★★★★★ 맛 ★ 5 양 ★ 5 배달 ★ 5
184,골드킹 콤보＋치즈볼/1
185,너무 맛있게 먹었어요^^
186,ws**
187, 2022년 4월 8일
188,신고
189,★★★★★ 맛 ★ 5 양 ★ 5 배달 ★ 5
190,후라이드 반／양념 반/1
191,맛 있 게 잘 먹 었 습 니 다
192,bu**
193, 2022년 4월 7일
194,신고
195,★★★★★ 맛 ★ 1 양 ★ 1 배달 ★ 5
196,뿌링클/1
197,닭이 말라서 별로였습니다
198,yr**
199, 2022년 4월 7일
200,신고
201,★★★★★ 맛 ★ 5 양 ★ 5
202,핫후라이드/1
203,조금 덜 매콤한게 살짝 아쉽지만 맛있었던 핫후
204,co**
205, 2022년 4월 6일
206,신고
207,★★★★★ 맛 ★ 5 양 ★ 5
208,포테킹 첨 먹었는데 빠삭하고 좋았어용
209,gu**
210, 2022년 4월 6일
211,신고
212,★★★★★ 맛 ★ 3 양 ★ 2 배달 ★ 5
213,뿌링클/1
214,실망 실망 대실망 닭도 작고 질기고 전체적으로 실망
215,qf**
216, 2022년 4월 6일
217,신고
218,★★★★★ 맛 ★ 5 양 ★ 5 배달 ★ 5
219,후라이드 콤보/1(옵션(양념소스))
220,맛있게 잘 먹엇슴다!!!
221,ko**
222, 2022년 4월 5일
223,신고
224,★★★★★ 맛 ★ 5 양 ★ 5 배달 ★ 5
225,맛초킹/1
226,배달빠르고 맛있습니다
227,01**
228, 2022년 4월 5일
229,신고
230,★★★★★ 맛 ★ 5 양 ★ 5 배달 ★ 5
231,맛초킹/1
232,맛있게 잘 먹었습니다
233,01**
234, 2022년 4월 5일
235,신고
236,★★★★★ 맛 ★ 5 양 ★ 5 배달 ★ 5
237,뿌링클/1
238,맛있게 잘 먹었습니다
239,yr**
240, 2022년 4월 5일
241,신고
242,★★★★★ 맛 ★ 5 양 ★ 4
243,뿌링클/1
244,뿌링클은 항상 맛있습니다
245,oe**
246, 2022년 4월 5일
247,신고
248,★★★★★ 맛 ★ 1 양 ★ 1
249,뿌링클/1
250,어우..... 너무 말라 삐뚜러진 치킨.. ㅡㅡ
251,24**
252, 2022년 4월 4일
253,신고
254,★★★★★ 맛 ★ 5 양 ★ 5 배달 ★ 5
255,뿌링클（반）＋치즈볼/1
256,치즈볼이랑 치킨 뜨끈할때 배달받아서 맛있게 먹었어요! 뿌링클 양념도 많이 묻혀져서 넘 맛있었거 배달기사
257,이 친절하게 문자까지 주셔서 좋았어요!
258,hi**
259, 2022년 4월 4일
260,신고
261,★★★★★ 맛 ★ 5 양 ★ 5
262,뿌링클/1
263,잘먹었습니다 뿌링클 처음 먹어봤는데 굉장히자극적인맛이예요 달고짜고~ 맥주를 부르는맛이었습니다
264,bu**
265, 2022년 4월 4일
266,신고
267,★★★★★ 맛 ★ 5 양 ★ 5 배달 ★ 5
268,골드킹/1
269,맛있어요! 잘먹었습니다^^
270,ge**
271, 2022년 4월 3일
272,신고
273,★★★★★ 맛 ★ 5 양 ★ 5
274,하바네로 포테킹 후라이드/1
275,존맛이에영 존맛존맛
276,da**
277, 2022년 4월 2일
278,신고
279,★★★★★ 맛 ★ 5 양 ★ 5 배달 ★ 5
280,후라이드 반／양념 반/1
281,상당히맛있네요증말로
282,po**
283, 2022년 4월 2일
284,신고
285,★★★★★ 맛 ★ 5 양 ★ 4 배달 ★ 5
286,뿌링클 콤보/1
287,맛은 있었지만 개인적으로 양이 살짝 부족했어요 ㅠ
288,dn**
289, 2022년 4월 1일
290,신고
291,★★★★★ 맛 ★ 5 양 ★ 5 배달 ★ 5
292,뿌링클 콤보/1
293,믿고 먹는 뿌링클 맛있어요!!
294,na**
295, 2022년 3월 31일
296,신고
297,★★★★★ 맛 ★ 5 양 ★ 5 배달 ★ 5
298,핫후라이드/1
299,정말 맛있어요! 감사합니다!
300,xc**
301, 2022년 3월 29일
302,신고
303,★★★★★ 맛 ★ 5 양 ★ 5 배달 ★ 5
304,뿌링클/1(옵션(콜라1.25L))
305,잘먹었습니다~ 최고에요
306,91**
307, 2022년 3월 29일
308,신고
309,★★★★★ 맛 ★ 5 양 ★ 5 배달 ★ 5
310,뿌링클순살/1
311,맛있게 잘 먹었습니다.
312,ha**
313, 2022년 3월 27일
314,신고
315,★★★★★ 맛 ★ 5 양 ★ 4 배달 ★ 3
316,"뿌링클 콤보/1(디저트(달콤바삭치즈볼),옵션(콜라1.25L))"
317,맛잇어용 배달이 빨라요
318,ps**
319, 2022년 3월 27일
320,신고
321,★★★★★ 맛 ★ 5 양 ★ 5 배달 ★ 5
322,뿌링클 콤보/1
323,정말 맛있었습니다
324,yu**
325, 2022년 3월 27일
326,신고
327,★★★★★ 맛 ★ 5 양 ★ 5 배달 ★ 5
328,핫후라이드/1
329,맛있다맛있다맛있다맛있다
330,bi**
331, 2022년 3월 27일
332,신고
333,★★★★★ 맛 ★ 5 양 ★ 5 배달 ★ 5
334,골드킹 콤보/1
335,바싹바싹하고 맛있습니다
336,86**
337, 2022년 3월 27일
338,신고
339,★★★★★ 맛 ★ 5 양 ★ 5 배달 ★ 5
340,뿌링클/1
341,잘 먹었습니다!! 근데 오늘 양이 왜 이렇게 적어요?ㅠㅠ🥺
342,db**
343, 2022년 3월 26일
344,신고
345,★★★★★ 맛 ★ 5 양 ★ 5 배달 ★ 5
346,뿌링클（반）＋치즈볼/1
347,오랜만에 먹었는데 맛있네요
348,by**
349, 2022년 3월 26일
350,신고
351,★★★★★ 맛 ★ 5 양 ★ 5 배달 ★ 5
352,"커리퀸날개/1,케이준프라이/1"
353,커리퀸날개와 케이준프라이 진짜 맜있어요. 다시 주문할 거에요
354,do**
355, 2022년 3월 23일
356,신고
357,★★★★★ 맛 ★ 5 양 ★ 4 배달 ★ 5
358,뿌링맵소킹 콤보/1(디저트(뿌링소떡))
359,오 맵네요 다음엔 쁘링클로^^
360,dl**
361, 2022년 3월 22일
362,신고
363,★★★★★ 맛 ★ 3 양 ★ 3 배달 ★ 1
364,뿌링클/1
365,배달 시간 초과 치킨은 다 식음
366,69**
367, 2022년 3월 22일
368,신고
369,★★★★★ 맛 ★ 5 양 ★ 5 배달 ★ 5
370,뿌링클/1(옵션(양념소스))
371,너무 맛있게 잘 먹었습니다 :-)
372,wd**
373, 2022년 3월 22일
374,신고
375,★★★★★ 맛 ★ 5 양 ★ 5 배달 ★ 5
376,뿌링클（반）＋치즈볼/1(디저트(케이준프라이))
377,너무맛있어서 오자마자 입속에 구겨넣느라 사진도 안찍었네욥..최고
378,jo**
379, 2022년 3월 22일
380,신고
381,★★★★★ 맛 ★ 5 양 ★ 5 배달 ★ 5
382,"핫후라이드/1,달콤바삭치즈볼/1"
383,짱짱맛있어요 핫르후라이드도짱
384,ha**
385, 2022년 3월 22일
386,신고
387,★★★★★ 맛 ★ 5 양 ★ 5
388,맛초킹/1
389,잘 먹었습니다~~~
390,va**
391, 2022년 3월 21일
392,신고
393,★★★★★ 맛 ★ 5 양 ★ 5 배달 ★ 5
394,골드킹/1
395,와 정말 몇년만에 먹는 bhc인데 맛있어요! ㅎㅎㅎ 앞으로 계속 시킬듯하네요!
396,ty**
397, 2022년 3월 21일
398,신고
399,★★★★★ 맛 ★ 5 양 ★ 5 배달 ★ 5
400,후라이드/1
401,후라이드 맛있어요~
402,sk**
403, 2022년 3월 21일
404,신고
405,★★★★★ 맛 ★ 5 양 ★ 1 배달 ★ 5
406,골드킹 순살/1(옵션(콜라1.25L))
407,맛은 있어요 그런데 양은 많지 않습니다. 남자 혼자 먹는데 하나 시켰다가 양이 부족하네요.. 그렇게 먹는 양이 많은 편은 아닙니다.
408,mn**
409, 2022년 3월 21일
410,신고
411,★★★★★ 맛 ★ 2 양 ★ 1 배달 ★ 5
412,후라이드 반／양념 반/1
413,닭이 기본적으로 너무 작아요. 다리랑 날개가 정말 작아요. 닭다리 날개 좋아하시면 무조건 콤보로 시키세요. 한마리는 무슨 그냥 닭가슴살 콤보입니다
414,cs**
415, 2022년 3월 21일
416,신고
417,★★★★★ 맛 ★ 5 양 ★ 5
418,골드킹/1
419,양은 조금 적어보이지만 괜찮아요
420,ap**
421, 2022년 3월 20일
422,신고
423,★★★★★ 맛 ★ 5 양 ★ 5 배달 ★ 4
424,핫후라이드/1
425,핫후라이드는 항상 맛나요
426,ju**
427, 2022년 3월 20일
428,신고
429,★★★★★ 맛 ★ 5 양 ★ 5 배달 ★ 5
430,골드킹/1
431,절어요~ ㅋㅋㅋ 맛있내용~ ㅋ
432,ly**
433, 2022년 3월 20일
434,신고
435,★★★★★ 맛 ★ 5 양 ★ 5 배달 ★ 5
436,"빅콜팝/1,달콤바삭치즈볼/1,케이준프라이/1"
437,잘 맛있게 먹었습니다.
438,we**
439, 2022년 3월 20일
440,신고
441,★★★★★ 맛 ★ 5 양 ★ 5 배달 ★ 5
442,뿌링클/1
443,맛있어요! 다음날 아침에 먹어도 맛있어요
444,61**
445, 2022년 3월 20일
446,신고
447,★★★★★ 맛 ★ 5 양 ★ 5 배달 ★ 5
448,뿌링클순살/1
449,맛있게 먹었습니다 ~
450,sc**
451, 2022년 3월 20일
452,신고
453,★★★★★ 맛 ★ 5 양 ★ 5 배달 ★ 5
454,뿌링클/1(옵션(치킨무))
455,좋아ㅏㅏㅏㅏㅏㅏㅏㅏㅏ요!!!!!!!!!!
456,be**
457, 2022년 3월 19일
458,신고
459,★★★★★ 맛 ★ 5 양 ★ 5 배달 ★ 5
460,뿌링클순살/1
461,뿌리클 맛있어요ㆍ배달도 빨리왔습니다ㆍ너무급하게 맛있게 먹느라 상자랑 다먹은 사진만 있네요ㆍ
462,lk**
463, 2022년 3월 19일
464,신고
465,★★★★★ 맛 ★ 5 양 ★ 5 배달 ★ 5
466,뿌링클순살/1(변경&추가(뿌링뿌링소스 추가))
467,항상 맛있게 먹고 있어요
468,gu**
469, 2022년 3월 19일
470,신고
471,★★★★★ 맛 ★ 5 양 ★ 5 배달 ★ 5
472,뿌링클/1
473,#식후감 말있어요!!!
474,sy**
475, 2022년 3월 19일
476,신고
477,★★★★★ 맛 ★ 5 양 ★ 5 배달 ★ 5
478,"뿌링클/1,후라이드/1,후라이드 반／양념 반/1"
479,역시 업계 1위 맛이에요
480,da**
481, 2022년 3월 19일
482,신고
483,★★★★★ 맛 ★ 5 양 ★ 5 배달 ★ 5
484,포테킹 후라이드 콤보/1(옵션(콜라1.25L))
485,맛있게 잘 먹었습니다~
486,oo**
487, 2022년 3월 19일
488,신고
489,★★★★★ 맛 ★ 4 양 ★ 4 배달 ★ 4
490,핫후라이드/1
491,맛있습니다앙~~!~!~!
492,lk**
493, 2022년 3월 19일
494,신고
495,★★★★★ 맛 ★ 5 양 ★ 5 배달 ★ 5
496,뿌링클순살/1(변경&추가(뿌링뿌링소스 추가))
497,항상 맛있게 먹고있어요
498,si**
499, 2022년 3월 19일
500,신고
501,★★★★★ 맛 ★ 4 양 ★ 5
502,뿌링클/1
503,뿌링클 잘먹었습니다.
504,ho**
505, 2022년 3월 19일
506,신고
507,★★★★★ 맛 ★ 5 양 ★ 5
508,골드킹/1
509,맛있게 잘 먹었어요!
510,yy**
511, 2022년 3월 18일
512,신고
513,★★★★★ 맛 ★ 5 양 ★ 5
514,핫후라이드/1
515,맛있어요! 매콤한 맛이 조금있지만
516,th**
517, 2022년 3월 18일
518,신고
519,★★★★★ 맛 ★ 5 양 ★ 5
520,맛초킹/1
521,오랜만에 맛초킹먹었는데 맛있네요
522,mm**
523, 2022년 3월 18일
524,신고
525,★★★★★ 맛 ★ 5 양 ★ 5 배달 ★ 5
526,뿌링클/1
527,맛있게 잘먹었습니다
528,ki**
529, 2022년 3월 18일
530,신고
531,★★★★★ 맛 ★ 5 양 ★ 5 배달 ★ 5
532,뿌링클 콤보＋치즈볼/1
533,맛있게 잘먹었습니다~~~~~~
534,47**
535, 2022년 3월 18일
536,신고
537,★★★★★ 맛 ★ 5 양 ★ 5 배달 ★ 5
538,뿌링클（반）＋치즈볼/1
539,맛있어요~양도 많고 좋아해요.
540,na**
541, 2022년 3월 18일
542,신고
543,★★★★★ 맛 ★ 5 양 ★ 5 배달 ★ 5
544,핫후라이드/1
545,맛있어요! 감사합니다!
546,wl**
547, 2022년 3월 17일
548,신고
549,★★★★★ 맛 ★ 5 양 ★ 5
550,골드킹/1
551,맛있긴한데 뿌링클 압승
552,08**
553, 2022년 3월 16일
554,신고
555,★★★★★ 맛 ★ 2 양 ★ 2
556,뿌링클HOT순살/1(옵션(콜라1.25L))
557,다른 지점에 비해 양이 많이 적게 느껴졌습니다 그리고 핫뿌링클 소스를 많이 아끼시는건가 육안으로도 소스가 현저히 적고 매운맛도 잘 안나네요
558,사장
559, 2022년 3월 16일
560,신고
561,고객
562, 소중한 리뷰 감사합니다. 시즈닝 적게 뿌려드리는 매장은 아닌데 만족못드려서 죄송합니다. 담에 주문 주시면 가루 많이 뿌려서 제공해드리도록 하겠습니다.
563,01**
564, 2022년 3월 16일
565,신고
566,★★★★★ 맛 ★ 5 양 ★ 5 배달 ★ 5
567,뿌링클순살/1
568,맛있게 먹었습니다.
569,ni**
570, 2022년 3월 16일
571,신고
572,★★★★★ 맛 ★ 3 양 ★ 4 배달 ★ 3
573,"골드킹/1,레드킹/1"
574,한성대점이 주문이 안되어 성대점은 처음 시켰는데 튀김옷이 바삭하지 않아서 불만스러웠어요. 배달시간이 한시간으로 표시되어 황당했는데 그래도 40분쯤 걸려서 받아 다행이였습니다.
575,in**
576, 2022년 3월 16일
577,신고
578,★★★★★ 맛 ★ 5 양 ★ 5 배달 ★ 5
579,핫후라이드/1
580,맛있게 잘먹었습니다
581,ge**
582, 2022년 3월 16일
583,신고
584,★★★★★ 맛 ★ 5 양 ★ 5
585,후라이드 반／양념 반/1
586,마싯어여 존맛존맛존맛
587,le**
588, 2022년 3월 16일
589,신고
590,★★★★★ 맛 ★ 5 양 ★ 5 배달 ★ 5
591,후라이드/1(옵션(콜라1.25L))
592,맛있게 잘 먹었습니다^^
593,su**
594, 2022년 3월 15일
595,신고
596,★★★★★ 맛 ★ 5 양 ★ 5 배달 ★ 5
597,후라이드 반／양념 반/1(옵션(콜라1.25L))
598,토요일 저녁되기전에 오후에 일찍 시키니 기름도 깨끗 너무너무 맛있어요 역대급 BHC 였습니다 ㅎㅎ
599,sk**
600, 2022년 3월 15일
601,신고
602,★★★★★ 맛 ★ 5 양 ★ 5 배달 ★ 5
603,핫후라이드/1
604,너무 맛있어..다이어트는 내일 ...
605,jj**
606, 2022년 3월 14일
607,신고
608,★★★★★ 맛 ★ 5 양 ★ 5 배달 ★ 5
609,핫후라이드/1
610,맛있게 잘 먹었습니다.
611,dn**
612, 2022년 3월 14일
613,신고
614,★★★★★ 맛 ★ 5 양 ★ 5
615,후라이드 반／양념 반/1
616,넘맛있어요ㅠ!! ㅎㅎ
617,nk**
618, 2022년 3월 13일
619,신고
620,★★★★★ 맛 ★ 5 양 ★ 5
621,뿌링클/1
622,뿌링클 가루도 짱많구 맛있게 잘 먹었습니다 ~
623,ga**
624, 2022년 3월 13일
625,신고
626,★★★★★ 맛 ★ 5 양 ★ 5 배달 ★ 5
627,"맛초킹순살/1,뿌링감자/1"
628,맛있게 잘 먹었습니다
629,al**
630, 2022년 3월 13일
631,신고
632,★★★★★ 맛 ★ 5 양 ★ 5
633,맛초킹/1
634,나무 맛있어요!!!
635,hw**
636, 2022년 3월 13일
637,신고
638,★★★★★ 맛 ★ 5 양 ★ 4 배달 ★ 5
639,맛초킹/1
640,맛있어요 배달도 빠르네요
641,98**
642, 2022년 3월 13일
643,신고
644,★★★★★ 맛 ★ 4 양 ★ 5
645,골드킹 순살/1
646,양이 크고 맛도 좋고요 사장
647,의 태도 친절하네요
648,so**
649, 2022년 3월 12일
650,신고
651,★★★★★ 맛 ★ 5 양 ★ 5
652,뿌링클/1
653,매번 여기서만 먹어요! 양도 푸짐하고 맛있고 콜라까지👏👏
654,do**
655, 2022년 3월 12일
656,신고
657,★★★★★ 맛 ★ 5 양 ★ 5 배달 ★ 5
658,"뿌링클순살/1,뿌링감자/1(옵션(콜라1.25L))"
659,항상 믿고 주문하는 집!! 배달도 빠르고 맛있지만 무엇보다 사장
660,이 친절하셔요
661,wn**
662, 2022년 3월 12일
663,신고
664,★★★★★ 맛 ★ 5 양 ★ 5 배달 ★ 5
665,골드킹/1
666,배달도빠르고 너무 맛있어요 골드킹
667,ye**
668, 2022년 3월 12일
669,신고
670,★★★★★ 맛 ★ 5 양 ★ 5 배달 ★ 5
671,뿌링클/1
672,요청사항도 잘들어주시고 맛있어요
673,ka**
674, 2022년 3월 12일
675,신고
676,★★★★★ 맛 ★ 5 양 ★ 5 배달 ★ 5
677,뿌링클순살/1
678,순살인데 작은 뼈가 나왔어요ㅠㅠ 그거 제외하곤 다 좋습니당
679,zh**
680, 2022년 3월 12일
681,신고
682,★★★★★ 맛 ★ 5 양 ★ 5
683,후라이드 윙/1(디저트(케이준프라이))
684,완전히 맛있어요 ㅎㅎㅎ
685,yy**
686, 2022년 3월 11일
687,신고
688,★★★★★ 맛 ★ 3 양 ★ 5 배달 ★ 5
689,싸이순살/1(옵션(양념소스))
690,싸이순살..ㅠㅠ 별루
691,yo**
692, 2022년 3월 11일
693,신고
694,★★★★★ 맛 ★ 5 양 ★ 5 배달 ★ 5
695,뿌링클순살/1(디저트(뿌링치즈볼))
696,성대점 최고 양많고 배달빠르고 뿌링클가루도 진짜듬뿍 뿌려주시는 최고의지점ㅜㅜㅜㅜㅜ
697,yr**
698, 2022년 3월 11일
699,신고
700,★★★★★ 맛 ★ 5 양 ★ 5
701,뿌링클/1
702,최고입니다.....
703,wn**
704, 2022년 3월 11일
705,신고
706,★★★★★ 맛 ★ 5 양 ★ 5 배달 ★ 5
707,레드킹 윙/1
708,맛있게 잘먹었습니다!! 맛있어요
709,ha**
710, 2022년 3월 11일
711,신고
712,★★★★★ 맛 ★ 5 양 ★ 5 배달 ★ 5
713,후라이드 반／양념 반/1
714,맛있게 잘 먹었습니다
715,ls**
716, 2022년 3월 11일
717,신고
718,★★★★★ 맛 ★ 5 양 ★ 5
719,뿌링클순살/1
720,정말 맛있었어요~~
721,na**
722, 2022년 3월 10일
723,신고
724,★★★★★ 맛 ★ 5 양 ★ 5 배달 ★ 5
725,핫후라이드/1
726,정말 맛있어요!!!
727,po**
728, 2022년 3월 10일
729,신고
730,★★★★★ 맛 ★ 5 양 ★ 5 배달 ★ 5
731,맛초킹순살/1
732,맛은 있지만 제가 생각하던 맛은 아니었습니다. 매운 걸 좋아하지만 쉽게 질리시는 분은 다른 메뉴 선택하시는 것을 추천합니다. 제가 쉽게 질리는 타입이 아니었다면 더 맛있게 먹었을 텐데 저의 혀가 바보인 게 아쉽네요.
733,da**
734, 2022년 3월 10일
735,신고
736,★★★★★ 맛 ★ 5 양 ★ 5
737,맛초킹순살/1
738,쿠폰할인으로 싸게 잘 먹었습니다
739,yu**
740, 2022년 3월 9일
741,신고
742,★★★★★ 맛 ★ 5 양 ★ 4
743,뿌링클 콤보/1
744,색좋고 맛좋고 너무 좋았어요~!
745,ju**
746, 2022년 3월 9일
747,신고
748,★★★★★ 맛 ★ 5 양 ★ 5 배달 ★ 4
749,후라이드 윙/1
750,배달이 좀 늦였지만 치킨 맛있게 잘 먹었습니다
751,na**
752, 2022년 3월 9일
753,신고
754,★★★★★ 맛 ★ 4 양 ★ 4 배달 ★ 5
755,골드킹 순살/1
756,"맛있어요, 감사합니다"
757,ne**
758, 2022년 3월 8일
759,신고
760,★★★★★ 맛 ★ 5 양 ★ 5 배달 ★ 5
761,뿌링클순살/1
762,선거운동중이라 오시기 힘드셨을텐데 일찍 왔어요 감사합니다~
763,se**
764, 2022년 3월 7일
765,신고
766,★★★★★ 맛 ★ 5 양 ★ 5 배달 ★ 5
767,뿌링클/1
768,오랜만에 먹어도 여전히 맛있어요! 뿌링클 짱~
769,du**
770, 2022년 3월 7일
771,신고
772,★★★★★ 맛 ★ 5 양 ★ 5 배달 ★ 5
773,뿌링클（반）＋치즈볼/1
774,맛도 좋고 배송도 빨라요!
775,ky**
776, 2022년 3월 6일
777,신고
778,★★★★★ 맛 ★ 5 양 ★ 5
779,골드킹 순살/1(옵션(콜라1.25L))
780,다른것도 먹어보고픈데 아이들때문에 맨날 뿌링클 ㅋ 맛있어요
781,손
782, 2022년 3월 1일
783,신고
784,★★★★★ 맛 ★ 5 양 ★ 5 배달 ★ 5
785,"뿌링클（반）＋치즈볼/1(디저트(뿌링멘보샤),옵션(치킨무))"
786,잘 먹었습니다~!!
787,si**
788, 2022년 2월 28일
789,신고
790,★★★★★ 맛 ★ 5 양 ★ 5
791,뿌링클순살/1
792,항상 맛있게 먹어요
793,ra**
794, 2022년 2월 28일
795,신고
796,★★★★★ 맛 ★ 4 양 ★ 4 배달 ★ 4
797,뿌링클（반）＋치즈볼/1(변경&추가(뿌링 치즈볼로 변경))
798,개꾸르르르를맛이에여
799,al**
800, 2022년 2월 27일
801,신고
802,★★★★★ 맛 ★ 5 양 ★ 5
803,"골드킹/1,뿌링핫도그/1"
804,뿌링핫도그 진짜 맛있어요 ^^
805,be**
806, 2022년 2월 26일
807,신고
808,★★★★★ 맛 ★ 5 양 ★ 5 배달 ★ 5
809,뿌링클＋치즈볼/1
810,맛이써요~ 잘목었어요
811,ta**
812, 2022년 2월 26일
813,신고
814,★★★★★ 맛 ★ 5 양 ★ 5
815,뿌링클순살/1
816,맛있게 먹었습니다
817,wj**
818, 2022년 2월 26일
819,신고
820,★★★★★ 맛 ★ 5 양 ★ 5 배달 ★ 5
821,뿌링클 콤보＋치즈볼/1
822,오늘 4시반에 시켜서 그런가 엄청 맛있었음. 튀김도 잘튀겨졌고 따뜻했음. 평소보다 맛있었음. 먹고있는 도중에 찍음.
823,ga**
824, 2022년 2월 24일
825,신고
826,★★★★★ 맛 ★ 3 양 ★ 3 배달 ★ 5
827,뿌링클순살/1
828,힝 퍽퍽살밖에 없어서 슬펐어요ㅠ
829,01**
830, 2022년 2월 24일
831,신고
832,★★★★★ 맛 ★ 5 양 ★ 5 배달 ★ 5
833,뿌링클순살/1
834,정말 맛있게 잘 먹었습니다!
835,01**
836, 2022년 2월 24일
837,신고
838,★★★★★ 맛 ★ 5 양 ★ 5 배달 ★ 5
839,맛초킹순살/1
840,정말 맛있게 잘 먹었습니다!
841,sw**
842, 2022년 2월 23일
843,신고
844,★★★★★ 맛 ★ 5 양 ★ 5 배달 ★ 5
845,맛초킹（반）＋치즈볼/1
846,매콤하니 맛있어요 하나의 요리같아요
847,wl**
848, 2022년 2월 23일
849,신고
850,★★★★★ 맛 ★ 5 양 ★ 5
851,핫후라이드/1
852,항상 맛있게 먹습니다
853,ga**
854, 2022년 2월 22일
855,신고
856,★★★★★ 맛 ★ 5 양 ★ 5 배달 ★ 5
857,후라이드 콤보＋뿌링멘보샤/1(옵션(콜라1.25L))
858,너무 어무 맛있어요
859,zi**
860, 2022년 2월 22일
861,신고
862,★★★★★ 맛 ★ 4 양 ★ 5 배달 ★ 5
863,하바네로 포테킹 후라이드/1(변경&추가(스윗하바네로소스))
864,조금 탔지만 맛있게 잘 먹었습니다. 소스 추가 필수!
865,47**
866, 2022년 2월 21일
867,신고
868,★★★★★ 맛 ★ 5 양 ★ 5
869,후라이드 반／양념 반/1(디저트(달콤바삭치즈볼))
870,맛있어요.가까워요.싸요
871,ce**
872, 2022년 2월 20일
873,신고
874,★★★★★ 맛 ★ 5 양 ★ 5 배달 ★ 5
875,"빅콜팝/1,케이준프라이/2"
876,"콜팝 치킨, 감자튀김 다 맛있어요. 양념 빼주셨으면 했는데 요청사항도 빠트리지 않고 읽어주셔서 좋았어요. 또 시킬게요!"
877,yo**
878, 2022년 2월 20일
879,신고
880,★★★★★ 맛 ★ 5 양 ★ 5 배달 ★ 5
881,뿌링클 순살＋치즈볼/1(변경&추가(뿌링 치즈볼로 변경))
882,요청사항에 적어두긴했지만 가루 진짜 듬뿍주셔서 그저감동... 감사합니다 사랑해요 성대점 조각 크기도 크구 양 많아요!! 배달도 예상시간보다 빨리왔구요
883,en**
884, 2022년 2월 20일
885,신고
886,★★★★★ 맛 ★ 5 양 ★ 5 배달 ★ 5
887,뿌링클순살/1
888,언제나 맛있는 뿌링클
889,ga**
890, 2022년 2월 20일
891,신고
892,★★★★★ 맛 ★ 5 양 ★ 5 배달 ★ 5
893,뿌링클 순살＋치즈볼/1(옵션(콜라1.25L))
894,뿌링클 가루 많이 뿌려주셔서 맛있게 잘 먹었습니다 치즈볼도 빵피가 얇고 바삭해서 맛있었어요
895,si**
896, 2022년 2월 20일
897,신고
898,★★★★★ 맛 ★ 5 양 ★ 5
899,후라이드 반／양념 반/1
900,항상 맛있게 먹어요
901,jo**
902, 2022년 2월 20일
903,신고
904,★★★★★ 맛 ★ 5 양 ★ 5 배달 ★ 5
905,"뿌링클순살/1,골드킹 순살/1,맛초킹순살/1"
906,맛있게 잘먹었습니다
907,손
908, 2022년 2월 19일
909,신고
910,★★★★★ 맛 ★ 5 양 ★ 5 배달 ★ 5
911,뿌링클순살/1
912,너무 맛이다❤️❤️❤️❤️❤️
913,ga**
914, 2022년 2월 19일
915,신고
916,★★★★★ 맛 ★ 5 양 ★ 5 배달 ★ 5
917,핫후라이드/1
918,기대하던 그맛이예요~ 배달도 친절하게 해주셨습니다
919,ch**
920, 2022년 2월 19일
921,신고
922,★★★★★ 맛 ★ 5 양 ★ 5 배달 ★ 5
923,뿌링클순살/1(변경&추가(뿌링뿌링소스 추가))
924,오랜만에 뿌링클 생각이나서 먹었는데 너무 맛있었어요!! 양도 생각보다 정말 많더라구요 잘먹었습니다~
925,ka**
926, 2022년 2월 18일
927,신고
928,★★★★★ 맛 ★ 5 양 ★ 5 배달 ★ 3
929,뿌링클순살/1(옵션(콜라1.25L))
930,양이 진짜 많아요... 먹어본 뿌링클 순살 중에 제일 양이 많네요. 다만 배달이 좀 급하게 왔는지 가루가 비닐까지 튀어있었어요ㅠ
931,io**
932, 2022년 2월 18일
933,신고
934,★★★★★ 맛 ★ 5 양 ★ 5 배달 ★ 5
935,골드킹/1
936,맛있어용 또시킬개요
937,ng**
938, 2022년 2월 17일
939,신고
940,★★★★★ 맛 ★ 5 양 ★ 5 배달 ★ 5
941,뿌링클（반）＋치즈볼/1
942,ㅎㅎㅎㅎㅎㅎㅎㅎㅎㅎㅎㅎ
943,5-**
944, 2022년 2월 17일
945,신고
946,★★★★★ 맛 ★ 5 양 ★ 5 배달 ★ 5
947,뿌링빅콜팝/1(디저트(뿌링치즈볼))
948,믿고 먹는 뿌링클!! 아무래도 거리가 있어서 좀 눅눅해져서 왔지만 맛있었어요!
949,18**
950, 2022년 2월 17일
951,신고
952,★★★★★ 맛 ★ 5 양 ★ 5 배달 ★ 5
953,뿌링클 콤보＋치즈볼/1
954,너무 맛있어용!!!!!!
955,xc**
956, 2022년 2월 16일
957,신고
958,★★★★★ 맛 ★ 5 양 ★ 5 배달 ★ 5
959,맛초킹/1(디저트(뿌링소떡))
960,이건 하나의 요리네요 정말 맛잇어요 최강추
961,na**
962, 2022년 2월 15일
963,신고
964,★★★★★ 맛 ★ 5 양 ★ 5 배달 ★ 5
965,핫후라이드/1
966,정말 맛있어요! 감사합니다!
967,ne**
968, 2022년 2월 12일
969,신고
970,★★★★★ 맛 ★ 5 양 ★ 5
971,뿌링클 콤보/1
972,밋있어요!!!!!!
973,ch**
974, 2022년 2월 12일
975,신고
976,★★★★★ 맛 ★ 4 양 ★ 2 배달 ★ 5
977,뿌링클（반）＋치즈볼/1
978,배달 생각보다 빨리 와서 좋았어요
979,ph**
980, 2022년 2월 11일
981,신고
982,★★★★★ 맛 ★ 5 양 ★ 5 배달 ★ 5
983,"핫후라이드/1(변경&추가(뿌링뿌링소스 추가),옵션(양념소스))"
984,항상 믿고먹어요. 너무 맛있어요
985,le**
986, 2022년 2월 11일
987,신고
988,★★★★★ 맛 ★ 5 양 ★ 5 배달 ★ 5
989,바삭클순살/1
990,맛있게 잘 먹었습니다
991,wn**
992, 2022년 2월 11일
993,신고
994,★★★★★ 맛 ★ 5 양 ★ 5
995,핫후라이드/1
996,너무너무너무너무맛나요
997,ju**
998, 2022년 2월 11일
999,신고
1000,★★★★★ 맛 ★ 5 양 ★ 5 배달 ★ 5
1001,후라이드/1
1002,덕분에 좋은 자리였습니다.
1003,ai**
1004, 2022년 2월 11일
1005,신고
1006,★★★★★ 맛 ★ 5 양 ★ 5 배달 ★ 5
1007,골드킹/1
1008,치킨 맛있고 배달 빨라요 잘 먹겠습니다👍
1009,dk**
1010, 2022년 2월 11일
1011,신고
1012,★★★★★ 맛 ★ 5 양 ★ 5 배달 ★ 5
1013,바삭클/1
1014,바삭바삭하니 이것도 다른 매력이있는 맛이네요. 잘먹었습니다.
1015,87**
1016, 2022년 2월 11일
1017,신고
1018,★★★★★ 맛 ★ 5 양 ★ 5 배달 ★ 5
1019,뿌링클（반）＋치즈볼/1
1020,치즈볼은 정말 맛있어요
1021,ke**
1022, 2022년 2월 11일
1023,신고
1024,★★★★★ 맛 ★ 3 양 ★ 4
1025,"뿌링치즈볼/1,뿌링핫도그/1,뿌링감자/1"
1026,쏘쏘 그냥 먹을만 함
1027,wh**
1028, 2022년 2월 10일
1029,신고
1030,★★★★★ 맛 ★ 5 양 ★ 5 배달 ★ 4
1031,"뿌링클/1,콜라1.25L/1"
1032,배달이 좀 느리긴했지만 맛있게먹었습니다
1033,su**
1034, 2022년 2월 10일
1035,신고
1036,★★★★★ 맛 ★ 2 양 ★ 2 배달 ★ 5
1037,"싸이순살/1(옵션(양념소스,치킨무))"
1038,싸이순살 시켰는데ㅠㅠ저는 진짜 별로였어요ㅠㅠ 뼈 있는게 더 맛있을 것 같습니다..
1039,19**
1040, 2022년 2월 10일
1041,신고
1042,★★★★★ 맛 ★ 4 양 ★ 5 배달 ★ 5
1043,맛초킹/1(옵션(콜라1.25L))
1044,콜라가 추가했는데 안왔어요 ㅠㅠ 그래도 그부분은 빠르게 환불해주셨어요~ 맛있게 잘 먹었습니다
1045,kt**
1046, 2022년 2월 10일
1047,신고
1048,★★★★★ 맛 ★ 5 양 ★ 5 배달 ★ 5
1049,맛초킹순살/1
1050,꼭 한번씩 생각나는 맛초킹 bhc 순살 담백해서 좋아요
1051,im**
1052, 2022년 2월 10일
1053,신고
1054,★★★★★ 맛 ★ 5 양 ★ 5 배달 ★ 5
1055,뿌링클HOT순살/1(변경&추가(스윗하바네로소스))
1056,맛있어요.........
1057,pe**
1058, 2022년 2월 10일
1059,신고
1060,★★★★★ 맛 ★ 5 양 ★ 5 배달 ★ 5
1061,뿌링클 윙/1(옵션(콜라1.25L))
1062,맛있게 잘 먹었습니다.
1063,jr**
1064, 2022년 2월 9일
1065,신고
1066,★★★★★ 맛 ★ 5 양 ★ 5 배달 ★ 5
1067,바삭클/1(옵션(콜라1.25L))
1068,너무 맛있어요!여러분은 한번 시도해 볼 수 있어요！
1069,ch**
1070, 2022년 2월 9일
1071,신고
1072,★★★★★ 맛 ★ 5 양 ★ 5 배달 ★ 5
1073,"핫후라이드/1(디저트(케이준프라이),옵션(콜라1.25L))"
1074,맛있게 잘먹었습니다 항상 배달 엄청 빨라요 감사합니다
1075,zg**
1076, 2022년 2월 9일
1077,신고
1078,★★★★★ 맛 ★ 5 양 ★ 5 배달 ★ 5
1079,맛초킹（반）＋치즈볼/1
1080,치킨 맛집입니다 역시 최고
1081,sw**
1082, 2022년 2월 9일
1083,신고
1084,★★★★★ 맛 ★ 5 양 ★ 5 배달 ★ 5
1085,맛초킹（반）＋치즈볼/1
1086,주문때마다 한마리에 치즈볼은 많았는데 어떻게 이런 메뉴가!넘 좋아요
1087,re**
1088, 2022년 2월 8일
1089,신고
1090,★★★★★ 맛 ★ 5 양 ★ 5 배달 ★ 5
1091,하바네로 포테킹 후라이드/1
1092,포테킹만 먹어요 ㅎㅎ
1093,so**
1094, 2022년 2월 8일
1095,신고
1096,★★★★★ 맛 ★ 5 양 ★ 5 배달 ★ 5
1097,뿌링클순살/1
1098,맛있어요 다음에도 먹을게요
1099,ho**
1100, 2022년 2월 8일
1101,신고
1102,★★★★★ 맛 ★ 5 양 ★ 5
1103,바삭클/1
1104,맛있게 잘 먹었습니다!
1105,my**
1106, 2022년 2월 8일
1107,신고
1108,★★★★★ 맛 ★ 5 양 ★ 5 배달 ★ 5
1109,뿌링클 스틱/1
1110,좋아요~
1111,dn**
1112, 2022년 2월 8일
1113,신고
1114,★★★★★ 맛 ★ 5 양 ★ 5
1115,뿌링클 콤보/1
1116,뿌링클콤보는 늘 옳습니다!
1117,so**
1118, 2022년 2월 8일
1119,신고
1120,★★★★★ 맛 ★ 5 양 ★ 5 배달 ★ 5
1121,맛초킹＋치즈볼/1(디저트(빨간소떡))
1122,정신없이 먹다가 사진 찍었어요ㅠ 진짜 맛있어요!!
1123,ba**
1124, 2022년 2월 7일
1125,신고
1126,★★★★★ 맛 ★ 5 양 ★ 5 배달 ★ 5
1127,맛초킹 콤보/1
1128,맛있게 잘먹었습니다!!
1129,io**
1130, 2022년 2월 7일
1131,신고
1132,★★★★★ 맛 ★ 5 양 ★ 5 배달 ★ 5
1133,"골드킹/1,머스타드소스/1"
1134,할인해서주문해봤어요 맛있어요
1135,io**
1136, 2022년 2월 7일
1137,신고
1138,★★★★★ 맛 ★ 5 양 ★ 5 배달 ★ 5
1139,뿌링클순살/1
1140,할인해서주문해봤어요 맛있어요
1141,ye**
1142, 2022년 2월 7일
1143,신고
1144,★★★★★ 맛 ★ 5 양 ★ 5 배달 ★ 5
1145,뿌링클 콤보/1
1146,정말 맛납니다 콜라 있어서 너무 좋았어용
1147,jj**
1148, 2022년 2월 7일
1149,신고
1150,★★★★★ 맛 ★ 5 양 ★ 5 배달 ★ 5
1151,펌치킨/1
1152,맛있게 잘 먹었습니다.
1153,ti**
1154, 2022년 2월 7일
1155,신고
1156,★★★★★ 맛 ★ 5 양 ★ 5 배달 ★ 5
1157,포테킹 후라이드/1(변경&추가(스윗하바네로소스))
1158,포테킹은 그냥 후라이드 맛인데 하바네로 소스가 있으면 맛있어요
1159,tm**
1160, 2022년 2월 7일
1161,신고
1162,★★★★★ 맛 ★ 4 양 ★ 5 배달 ★ 5
1163,뿌링클＋치즈볼/1
1164,이벤트날이라 주문이 많아서 그런지 한번 취소되고 그 다음 주문에 받아주셨는데 배달 생각보다 엄청 빨리오고 맛있었어유
1165,uf**
1166, 2022년 2월 7일
1167,신고
1168,★★★★★ 맛 ★ 1 양 ★ 5 배달 ★ 5
1169,바삭클/1
1170,아 저랑 이치킨이랑 안맞음 ㅠㅠ 그냥 후라이드시킬걸
1171,al**
1172, 2022년 2월 7일
1173,신고
1174,★★★★★ 맛 ★ 5 양 ★ 5
1175,뿌링클（반）＋치즈볼/1
1176,맛있게 먹었어요! 치즈볼은 언제 먹어도 맛있네요ㅎㅎ
1177,ks**
1178, 2022년 2월 7일
1179,신고
1180,★★★★★ 맛 ★ 5 양 ★ 5 배달 ★ 5
1181,뿌링클순살/1
1182,따뜻하고 맛있는 치킨 잘 먹었습니다 뿌링클 최고에요
1183,a0**
1184, 2022년 2월 7일
1185,신고
1186,★★★★★ 맛 ★ 5 양 ★ 5 배달 ★ 5
1187,뿌링클순살/1
1188,너무너무너무너무 괜찮아요
1189,86**
1190, 2022년 2월 7일
1191,신고
1192,★★★★★ 맛 ★ 5 양 ★ 5
1193,골드킹（반）＋치즈볼/1
1194,맛있게 잘 먹었습니다
1195,lu**
1196, 2022년 2월 6일
1197,신고
1198,★★★★★ 맛 ★ 1 양 ★ 3 배달 ★ 3
1199,뿌링클＋치즈볼/1
1200,맛이 없어요. 실망했어요...
1201,ep**
1202, 2022년 2월 6일
1203,신고
1204,★★★★★ 맛 ★ 5 양 ★ 5 배달 ★ 5
1205,"뿌링클 스틱/1,달콤바삭치즈볼/1"
1206,이벤트중인데도 배달이 많이 안 늦었네요~ 맛있게 잘 먹었습니다^^
1207,mi**
1208, 2022년 2월 6일
1209,신고
1210,★★★★★ 맛 ★ 5 양 ★ 5
1211,"뿌링클＋치즈볼/1(디저트(달콤바삭치즈볼,빨간소떡))"
1212,넘 신나서 먹다가 중간에 찍어버렸네요ㅋㅋ 요청대로 가루도 많이 주셔서 넘 맛있게 잘 먹었습니다!
1213,mi**
1214, 2022년 2월 6일
1215,신고
1216,★★★★★ 맛 ★ 5 양 ★ 5
1217,맛초킹（반）＋치즈볼/1
1218,잘못 튀겨진건지 중간중간 뼈처럼 딱딱한 살이 있네요. 양념은 맛있었어요
1219,ho**
1220, 2022년 2월 6일
1221,신고
1222,★★★★★ 맛 ★ 5 양 ★ 5 배달 ★ 5
1223,뿌링클순살/1(디저트(뿌링치즈볼))
1224,맛있어요! 다음에도 여기 지점에서 시켜먹으려구요
1225,al**
1226, 2022년 2월 6일
1227,신고
1228,★★★★★ 맛 ★ 5 양 ★ 5 배달 ★ 5
1229,뿌링클（반）＋치즈볼/1
1230,",,,,,,,💛💛💛"
1231,mj**
1232, 2022년 2월 6일
1233,신고
1234,★★★★★ 맛 ★ 5 양 ★ 5 배달 ★ 5
1235,맛초킹/1
1236,"역시 맛초킹, 요기패스로 저렴하게 잘 무써요"
1237,el**
1238, 2022년 2월 6일
1239,신고
1240,★★★★★ 맛 ★ 5 양 ★ 5
1241,뿌링클（반）＋치즈볼/1
1242,잘먹었습니다 ~~
1243,pa**
1244, 2022년 2월 6일
1245,신고
1246,★★★★★ 맛 ★ 5 양 ★ 5 배달 ★ 5
1247,뿌링클순살/1
1248,오랜만에 먹는데 맛있네요!! 담엔 소스 하나 더 추가해야겠어요 소스 푹푹 찍어먹어야 더 존맛ㅎㅎ
1249,he**
1250, 2022년 2월 6일
1251,신고
1252,★★★★★ 맛 ★ 2 양 ★ 2 배달 ★ 2
1253,맛초킹＋치즈볼/1(변경&추가(뿌링 치즈볼로 변경))
1254,노노너노너어넌너너너
1255,be**
1256, 2022년 2월 6일
1257,신고
1258,★★★★★ 맛 ★ 5 양 ★ 5 배달 ★ 5
1259,골드킹（반）＋치즈볼/1
1260,ㅁㅁㅁㅁㅁㅁㅁㅁㅁㅁ
1261,co**
1262, 2022년 2월 6일
1263,신고
1264,★★★★★ 맛 ★ 5 양 ★ 5
1265,후라이드（반）＋뿌링치즈볼/1
1266,언제나 맛있네요! 잘 먹었습니당
1267,ba**
1268, 2022년 2월 6일
1269,신고
1270,★★★★★ 맛 ★ 3 양 ★ 3 배달 ★ 4
1271,뿌링클 콤보/1
1272,음식이 전반적으로 달고 짠 듯 합니다. 배달안하고 식당에서 바로 먹었으면 더 맛있었을 듯.
1273,mi**
1274, 2022년 2월 6일
1275,신고
1276,★★★★★ 맛 ★ 1 양 ★ 3 배달 ★ 3
1277,핫후라이드/1
1278,여기 시키지마세요 다른 지점도 많이 시켜봤는데 주문 많아서 그런지 대충만들어줍니다 핫후라이드는 일반 후라이드랑 차이가없고 맛쵸킹 같은 양념메뉴는 대충 반만 발라서 줍니다
1279,eo**
1280, 2022년 2월 6일
1281,신고
1282,★★★★★ 맛 ★ 5 양 ★ 5 배달 ★ 5
1283,포테킹 후라이드/1
1284,일반 후라이드보다 바삭바삭해서 좋아요
1285,li**
1286, 2022년 2월 6일
1287,신고
1288,★★★★★ 맛 ★ 5 양 ★ 5
1289,뿌링클（반）＋치즈볼/1
1290,맛있어요!!!!!!
1291,da**
1292, 2022년 2월 5일
1293,신고
1294,★★★★★ 맛 ★ 5 양 ★ 5
1295,커리퀸순살/1
1296,순살 시켰는데 설명 안 읽어봐서 다 닭가슴살인줄 몰랐어요 다음부턴 무조건 뼈로 시킬거지만 이 퍽퍽살에도 커리퀸 소스는 너무 맛있어요
1297,bh**
1298, 2022년 2월 5일
1299,신고
1300,★★★★★ 맛 ★ 5 양 ★ 5 배달 ★ 4
1301,"후라이드（반）＋뿌링치즈볼/1,맛초킹순살/1"
1302,맛도 양도 좋아요. 시간은 맞춰왔는데 좀 식어서 아쉽네여.
1303,ee**
1304, 2022년 2월 5일
1305,신고
1306,★★★★★ 맛 ★ 3 양 ★ 4 배달 ★ 5
1307,"골드킹 순살/1,레드킹순살/1,콜라1.25L/1,카스（병） 500ml/1"
1308,배달은 엄청 빨랐어요~ 맛은 글쎄... 주문도 실수해서 원하는게 아니어선가... 식감도 낯설고.. 앞으론 바삭클만 주문하기로 합니다:)
1309,yr**
1310, 2022년 2월 5일
1311,신고
1312,★★★★★ 맛 ★ 4 양 ★ 5
1313,뿌링클/1
1314,무난하지만 그 맛이 더 무서운 법! 친절하시고 맛있습니다
1315,kh**
1316, 2022년 2월 5일
1317,신고
1318,★★★★★ 맛 ★ 3 양 ★ 5 배달 ★ 1
1319,레드킹 콤보/1
1320,이벤트중이라 바쁜건 알지만 라이더 묶음배송으로 너무 차갑게 식어서 온 치킨이라 별 평점 몇개 깎습니다. 양이랑 맛은 좋아요
1321,na**
1322, 2022년 2월 5일
1323,신고
1324,★★★★★ 맛 ★ 5 양 ★ 5 배달 ★ 5
1325,후라이드 반／양념 반/1
1326,정말 맛있어요! 감사합니다!
1327,ha**
1328, 2022년 2월 4일
1329,신고
1330,★★★★★ 맛 ★ 5 양 ★ 5 배달 ★ 5
1331,핫후라이드/1
1332,잘먹었습니다 빨리와서 뜨거워여
1333,fa**
1334, 2022년 2월 4일
1335,신고
1336,★★★★★ 맛 ★ 5 양 ★ 5 배달 ★ 5
1337,"빨간소떡/1,뿌링클 콤보＋치즈볼/1"
1338,맛있습니다 맥주사러 갔다온다고 식어서 먹었는데도 바삭하고 맛있어요 원래 몇조각 남기는데 오늘은 다먹었네요
1339,qn**
1340, 2022년 2월 4일
1341,신고
1342,★★★★★ 맛 ★ 5 양 ★ 5
1343,커리퀸/1
1344,뿌링클에서 단맛빼고 커리향추가한맛이에요 뿌링클 애호가라면 꼭한번 드셔보세요 짱맛탱이ㅜㅜ♡
1345,ht**
1346, 2022년 2월 4일
1347,신고
1348,★★★★★ 맛 ★ 5 양 ★ 5 배달 ★ 5
1349,뿌링클（반）＋치즈볼/1(변경&추가(뿌링 치즈볼로 변경))
1350,배달도 빠르고 혼자서도 부담없이 먹을 수 있어서 좋아요
1351,sh**
1352, 2022년 2월 4일
1353,신고
1354,★★★★★ 맛 ★ 4 양 ★ 5 배달 ★ 4
1355,후라이드 반／양념 반/1
1356,"잘 먹었습니다! :) 다만 오늘 날씨가 추워서 그런지, 배달이 오래 걸려서 그런지 모르겠지만, 치킨이 많이 식었었어요 ㅠㅠ"
1357,ug**
1358, 2022년 2월 4일
1359,신고
1360,★★★★★ 맛 ★ 5 양 ★ 5 배달 ★ 5
1361,후라이드 반／양념 반/1
1362,아주 맛있었어요! 💯💯💯
1363,po**
1364, 2022년 2월 4일
1365,신고
1366,★★★★★ 맛 ★ 5 양 ★ 5 배달 ★ 5
1367,후라이드/1
1368,치킨맛잇어요비에치ㅆ
1369,al**
1370, 2022년 2월 4일
1371,신고
1372,★★★★★ 맛 ★ 5 양 ★ 5
1373,맛초킹/1
1374,바삭하고 깨도 많이뿌려져잇어서 맛있음. 조리도 빨라요
1375,86**
1376, 2022년 2월 4일
1377,신고
1378,★★★★★ 맛 ★ 5 양 ★ 5 배달 ★ 5
1379,"뿌링치즈볼/1,뿌링핫도그/1,뿌링감자/1"
1380,맛있게 잘 먹었습니다!
1381,72**
1382, 2022년 2월 4일
1383,신고
1384,★★★★★ 맛 ★ 5 양 ★ 5 배달 ★ 5
1385,바삭클/1
1386,너무너무너무너무너무.............맛이어!ㅠㅠㅠㅠㅠㅠㅠ
1387,qk**
1388, 2022년 2월 4일
1389,신고
1390,★★★★★ 맛 ★ 5 양 ★ 5 배달 ★ 5
1391,뿌링클（반）＋치즈볼/1
1392,역시 뿌링클 너무맛있어요!!! 또 시키겠습니다 반마리 너무 좋아요
1393,cs**
1394, 2022년 2월 3일
1395,신고
1396,★★★★★ 맛 ★ 5 양 ★ 5 배달 ★ 5
1397,하바네로 포테킹 후라이드/1
1398,맛있어요~ 가격이 조금 비싼게 흠이네요
1399,mj**
1400, 2022년 2월 3일
1401,신고
1402,★★★★★ 맛 ★ 5 양 ★ 5 배달 ★ 5
1403,맛초킹 윙/1
1404,역시 맛초킹. 맵짠의 조화가 좋아요.
1405,gm**
1406, 2022년 2월 3일
1407,신고
1408,★★★★★ 맛 ★ 5 양 ★ 5 배달 ★ 5
1409,뿌링클순살/1
1410,잘먹었어요 감사합니다
1411,ea**
1412, 2022년 1월 31일
1413,신고
1414,★★★★★ 맛 ★ 5 양 ★ 5 배달 ★ 5
1415,뿌링클 콤보＋치즈볼/1
1416,맛있게 잘먹었습니다!
1417,86**
1418, 2022년 1월 29일
1419,신고
1420,★★★★★ 맛 ★ 5 양 ★ 5
1421,뿌링클（반）＋치즈볼/1
1422,맛있게 잘 먹었습니다
1423,10**
1424, 2022년 1월 29일
1425,신고
1426,★★★★★ 맛 ★ 5 양 ★ 5 배달 ★ 5
1427,뿌링클（반）＋치즈볼/1
1428,👍👍👍👍👍👍👍👍👍👍
1429,ce**
1430, 2022년 1월 27일
1431,신고
1432,★★★★★ 맛 ★ 5 양 ★ 5 배달 ★ 5
1433,"빅콜팝/1,케이준프라이/2"
1434,자주 먹어요. 콜라도 주셔서 더 좋아요. 콜팝도 맛있고 프라이도 맛있어요.
1435,26**
1436, 2022년 1월 23일
1437,신고
1438,★★★★★ 맛 ★ 5 양 ★ 5 배달 ★ 5
1439,뿌링클（반）＋치즈볼/1(변경&추가(뿌링 치즈볼로 변경))
1440,잘 먹었습니다~~~
1441,hi**
1442, 2022년 1월 22일
1443,신고
1444,★★★★★ 맛 ★ 5 양 ★ 5 배달 ★ 4
1445,"골드킹 콤보/1,후라이드/1,바삭클순살/1,머스타드소스/1,양념소스/1"
1446,피크타임에 시켜서 배달이 좀느렸지만 따끈따끈하게 잘먹었습니다
1447,12**
1448, 2022년 1월 20일
1449,신고
1450,★★★★★ 맛 ★ 5 양 ★ 5
1451,뿌링클/1
1452,대박이다!!!아아아아
1453,xc**
1454, 2022년 1월 20일
1455,신고
1456,★★★★★ 맛 ★ 5 양 ★ 5 배달 ★ 5
1457,"핫후라이드/1(옵션(콜라1.25L,양념소스))"
1458,대박 좋아요 비에이치씨 굿굿
1459,a2**
1460, 2022년 1월 20일
1461,신고
1462,★★★★★ 맛 ★ 4 양 ★ 4 배달 ★ 4
1463,후라이드（반）＋뿌링치즈볼/1(디저트(뿌링소떡))
1464,맛있어요! 추천합니다 ^^
1465,mo**
1466, 2022년 1월 20일
1467,신고
1468,★★★★★ 맛 ★ 5 양 ★ 5 배달 ★ 5
1469,뿌링클（반）＋치즈볼/1(옵션(콜라1.25L))
1470,맛 있었어요..굿굿
1471,tn**
1472, 2022년 1월 18일
1473,신고
1474,★★★★★ 맛 ★ 5 양 ★ 5 배달 ★ 5
1475,뿌링클 콤보/1
1476,완전 바삭하고 맛있었어요 강추!
1477,gh**
1478, 2022년 1월 18일
1479,신고
1480,★★★★★ 맛 ★ 5 양 ★ 5 배달 ★ 5
1481,맛초킹 콤보/1(옵션(치킨무))
1482,사장
1483, 너무 맛있습니다 힘내세요
1484,si**
1485, 2022년 1월 18일
1486,신고
1487,★★★★★ 맛 ★ 5 양 ★ 5
1488,뿌링클순살/1
1489,항상 맛있게 먹어요
1490,si**
1491, 2022년 1월 18일
1492,신고
1493,★★★★★ 맛 ★ 5 양 ★ 5
1494,뿌링클순살/1
1495,항상 맛있게 먹어요
1496,hu**
1497, 2022년 1월 17일
1498,신고
1499,★★★★★ 맛 ★ 5 양 ★ 5
1500,핫후라이드/1
1501,잘 먹었어요. 핫후라이드 처음 시켜뵜는데 맛있었습니다.
1502,87**
1503, 2022년 1월 17일
1504,신고
1505,★★★★★ 맛 ★ 5 양 ★ 5 배달 ★ 5
1506,"뿌링클 콤보/1(디저트(달콤바삭치즈볼),옵션(콜라1.25L))"
1507,배달도 빠르고 너무 맛있었어요~ 전화로 댕청한 질문 했는데 너무 죄송했고 친절하게 답해주셔서 감사했습니다 🤣❤️❤️
1508,22**
1509, 2022년 1월 17일
1510,신고
1511,★★★★★ 맛 ★ 5 양 ★ 5
1512,"뿌링클순살/1,빨간소떡/1,뿌링감자/1"
1513,맛있게 잘 먹었습니다
1514,ki**
1515, 2022년 1월 17일
1516,신고
1517,★★★★★ 맛 ★ 5 양 ★ 5 배달 ★ 5
1518,뿌링클（반）＋치즈볼/1(변경&추가(뿌링 치즈볼로 변경))
1519,#식후감 사장
1520," #힘내세요 입이 짧고, 식은 치킨은 싫어하고 ㅋㅋ 이런 저에게 딱이에요"
1521,wa**
1522, 2022년 1월 17일
1523,신고
1524,★★★★★ 맛 ★ 5 양 ★ 5 배달 ★ 5
1525,포테킹 후라이드 콤보/1
1526,好吃好吃好吃好吃好好
1527,wj**
1528, 2022년 1월 16일
1529,신고
1530,★★★★★ 맛 ★ 5 양 ★ 5 배달 ★ 5
1531,"뿌링클 콤보/1,뿌링클 콤보＋치즈볼/1"
1532,잘먹었어요!!! 두마리시켰더니 풍족하게 먹었어요
1533,ji**
1534, 2022년 1월 16일
1535,신고
1536,★★★★★ 맛 ★ 5 양 ★ 5 배달 ★ 5
1537,뿌링클 콤보＋치즈볼/1
1538,오랜만에 먹는 뿌링클과 치즈볼는 JMT입니다ㅠㅠㅠ
1539,se**
1540, 2022년 1월 16일
1541,신고
1542,★★★★★ 맛 ★ 5 양 ★ 5 배달 ★ 5
1543,포테킹 후라이드 콤보/1(옵션(양념소스))
1544,식어서 왔지만 그래도 맛있었어요.
1545,ny**
1546, 2022년 1월 16일
1547,신고
1548,★★★★★ 맛 ★ 5 양 ★ 5 배달 ★ 5
1549,골드킹 콤보/1
1550,요청사항 들어주셔서 감사해요 넝 맛있게 잘 먹었어여
1551,na**
1552, 2022년 1월 16일
1553,신고
1554,★★★★★ 맛 ★ 5 양 ★ 4 배달 ★ 5
1555,골드킹 콤보/1
1556,맛있어요! 감사합니다!
1557,be**
1558, 2022년 1월 15일
1559,신고
1560,★★★★★ 맛 ★ 5 양 ★ 5 배달 ★ 5
1561,골드킹 콤보/1
1562,ㅁㅁㅁㅁㅁㅁㅁㅁㅁㅁ
1563,ha**
1564, 2022년 1월 15일
1565,신고
1566,★★★★★ 맛 ★ 5 양 ★ 5 배달 ★ 5
1567,뿌링클/1
1568,빨리도 오고 맛도 좋아요
1569,10**
1570, 2022년 1월 15일
1571,신고
1572,★★★★★ 맛 ★ 5 양 ★ 5
1573,뿌링클（반）＋치즈볼/1
1574,오랜만에 잘 먹었습니다.
1575,pa**
1576, 2022년 1월 15일
1577,신고
1578,★★★★★ 맛 ★ 5 양 ★ 5 배달 ★ 5
1579,뿌링클/1
1580,맛있게 잘 먹었습니다.
1581,vv**
1582, 2022년 1월 14일
1583,신고
1584,★★★★★ 맛 ★ 5 양 ★ 5 배달 ★ 5
1585,"뿌링클（반）＋치즈볼/1(변경&추가(뿌링 치즈볼로 변경),디저트(뿌링소떡))"
1586,너무 맛잇어요ㅠ 근데 치킨이 치킨옷을 덜 입히고 튀겨서 그런가 눅눅해지고 딱딱한 부분 있었지만 자주시키는 사람이라 아주 적은 실수는 괜찮습니다 ❤️ 다음엔 맛잇게 해주세용
1587,jo**
1588, 2022년 1월 14일
1589,신고
1590,★★★★★ 맛 ★ 5 양 ★ 5 배달 ★ 5
1591,골드킹（반）＋치즈볼/1(옵션(콜라1.25L))
1592,맛있어요
1593,86**
1594, 2022년 1월 14일
1595,신고
1596,★★★★★ 맛 ★ 5 양 ★ 5
1597,뿌링클（반）＋치즈볼/1
1598,늘 맛있어요!!!!
1599,ja**
1600, 2022년 1월 14일
1601,신고
1602,★★★★★ 맛 ★ 5 양 ★ 5 배달 ★ 5
1603,커리퀸날개/1
1604,맛잇게 잘 먹엇습니다
1605,si**
1606, 2022년 1월 13일
1607,신고
1608,★★★★★ 맛 ★ 5 양 ★ 5
1609,뿌링클/1
1610,사장
1611,도 친절하시고 맛도 친절함
1612,ke**
1613, 2022년 1월 13일
1614,신고
1615,★★★★★ 맛 ★ 5 양 ★ 5 배달 ★ 5
1616,뿌링클 콤보/1(옵션(콜라1.25L))
1617,잘먹었어요 ㅋㅋㅋㅋㅋㅋ
1618,le**
1619, 2022년 1월 13일
1620,신고
1621,★★★★★ 맛 ★ 5 양 ★ 5 배달 ★ 5
1622,뿌링클 콤보/1
1623,맛있게 잘 먹었습니다. 배달도 예상시간보다 20분 빨리 와서 놀랐습니다ㅎㅎ
1624,tu**
1625, 2022년 1월 13일
1626,신고
1627,★★★★★ 맛 ★ 5 양 ★ 5 배달 ★ 5
1628,뿌링클순살/1(옵션(콜라1.25L))
1629,항상 너무 맛있습니다
1630,ka**
1631, 2022년 1월 12일
1632,신고
1633,★★★★★ 맛 ★ 1 양 ★ 3 배달 ★ 5
1634,뿌링클 콤보/1
1635,닭냄새 많이 심해요
1636,7g**
1637, 2022년 1월 12일
1638,신고
1639,★★★★★ 맛 ★ 5 양 ★ 5
1640,맛초킹（반）＋치즈볼/1
1641,맛있러요 항상 여기
1642,da**
1643, 2022년 1월 11일
1644,신고
1645,★★★★★ 맛 ★ 5 양 ★ 5 배달 ★ 5
1646,뿌링클순살/1(디저트(뿌링치즈볼))
1647,뿌링클 역시 맛있고 양도 적당하고 배달도 빨리 와서 좋았음
1648,cl**
1649, 2022년 1월 11일
1650,신고
1651,★★★★★ 맛 ★ 5 양 ★ 5 배달 ★ 1
1652,맛초킹 콤보/1
1653,배달된 치킨이 너무 차갑게 식어있었습니다.
1654,si**
1655, 2022년 1월 10일
1656,신고
1657,★★★★★ 맛 ★ 4 양 ★ 4
1658,후라이드 반／양념 반/1
1659,프라이드 좋았습니다. 양념치킨은 B+ 입니다.
1660,sw**
1661, 2022년 1월 10일
1662,신고
1663,★★★★★ 맛 ★ 5 양 ★ 5 배달 ★ 5
1664,맛초킹 윙/1(옵션(양념소스))
1665,근사한 요리같아요 빨리 도착했습니다
1666,mi**
1667, 2022년 1월 9일
1668,신고
1669,★★★★★ 맛 ★ 5 양 ★ 5 배달 ★ 5
1670,뿌링클순살/1
1671,항상 맛있게 먹는 뿌링클입니다
1672,wj**
1673, 2022년 1월 9일
1674,신고
1675,★★★★★ 맛 ★ 5 양 ★ 5 배달 ★ 5
1676,뿌링클 콤보/1
1677,항상 먹는 뿌링클이에요. 콜라도 옵니다. 10조각입니다.
1678,k0**
1679, 2022년 1월 9일
1680,신고
1681,★★★★★ 맛 ★ 5 양 ★ 5 배달 ★ 5
1682,레드킹 윙/1
1683,너무 맛있어서 순싹 했습니다 👍👍👍
1684,ju**
1685, 2022년 1월 8일
1686,신고
1687,★★★★★ 맛 ★ 5 양 ★ 5 배달 ★ 5
1688,후라이드 반／양념 반/1
1689,말해뭐할까요 짜지않게 딱 간도 적당하며 맛있고요 양도 많습니다 배달도 친절하시고 아주 잘 먹었어요~~ 감사합니다👍😊
1690,손
1691, 2022년 1월 8일
1692,신고
1693,★★★★★ 맛 ★ 5 양 ★ 5 배달 ★ 5
1694,싸이순살/1
1695,맛있음/튀김옷얇아좋음
1696,ch**
1697, 2022년 1월 8일
1698,신고
1699,★★★★★ 맛 ★ 5 양 ★ 5
1700,핫후라이드/1
1701,#식후감 #힘내세요
1702,wo**
1703, 2022년 1월 8일
1704,신고
1705,★★★★★ 맛 ★ 5 양 ★ 5 배달 ★ 5
1706,레드킹 콤보/1
1707,맛있고 배달도빨랐어요
1708,ja**
1709, 2022년 1월 7일
1710,신고
1711,★★★★★ 맛 ★ 5 양 ★ 5 배달 ★ 5
1712,빠텐더/1
1713,행사 중인데 주문하고 딱 10분만에 도착했네요ㄷㄷ 치킨무 주지 말라고 썼는데 오긴 했지만 행사 중이니 이해합니다. 잘 먹었습니다.
1714,97**
1715, 2022년 1월 7일
1716,신고
1717,★★★★★ 맛 ★ 5 양 ★ 5 배달 ★ 5
1718,뿌링클 콤보/1(디저트(케이준프라이))
1719,맛있어요 실수로 먼 곳으로 시켰는데도 빠르게 왔어요
1720,la**
1721, 2022년 1월 7일
1722,신고
1723,★★★★★ 맛 ★ 5 양 ★ 5 배달 ★ 4
1724,맛초킹（반）＋치즈볼/1
1725,거리가 1키로 조금 더 되는데 올때마다 조금 식어서 오는것 같아서 아쉬워요 바삭한맛에 먹는건배ㅡㅜ 배달하시는분이 다른데 들리고 오시는듯.. 다른 점은 다 좋았습니다. 맛있게 먹었어요
1726,hs**
1727, 2022년 1월 7일
1728,신고
1729,★★★★★ 맛 ★ 5 양 ★ 5 배달 ★ 5
1730,"맛초킹 콤보/1(옵션(콜라1.25L)),맛초킹 콤보/1"
1731,맛잇어여 잘먹었어요
1732,hu**
1733, 2022년 1월 7일
1734,신고
1735,★★★★★ 맛 ★ 5 양 ★ 5
1736,후라이드/1
1737,잘 먹었습니다. .
1738,am**
1739, 2022년 1월 7일
1740,신고
1741,★★★★★ 맛 ★ 5 양 ★ 5
1742,골드킹（반）＋치즈볼/1
1743,골드킹 적당히 단짠이라 맛있습니다~ 1인분 메뉴 있는 게 굿
1744,rk**
1745, 2022년 1월 7일
1746,신고
1747,★★★★★ 맛 ★ 5 양 ★ 5 배달 ★ 4
1748,맛초킹/1(옵션(콜라1.25L))
1749,적당히 짭잘하고 맛나유
1750,97**
1751, 2022년 1월 7일
1752,신고
1753,★★★★★ 맛 ★ 5 양 ★ 5 배달 ★ 5
1754,뿌링클/1
1755,🥰🥰🥰🥰🥰🥰🥰🥰🥰🥰
1756,li**
1757, 2022년 1월 7일
1758,신고
1759,★★★★★ 맛 ★ 5 양 ★ 5 배달 ★ 5
1760,"맛초킹 콤보＋치즈볼/1,소주/1"
1761,베달이 엄청 빨리 왔습니다. 따끈 따끈한 치킨인데 밋도 끝내줍니다 ㅎ
1762,be**
1763, 2022년 1월 6일
1764,신고
1765,★★★★★ 맛 ★ 5 양 ★ 5 배달 ★ 5
1766,후라이드/1
1767,배달빠르고 맛있고ᆢ잘막었습니다 #식후감#사장
1768, 힘내세요
1769,ho**
1770, 2022년 1월 6일
1771,신고
1772,★★★★★ 맛 ★ 5 양 ★ 5
1773,맛초킹/1
1774,맛있게 잘 먹었습니다!
1775,pp**
1776, 2022년 1월 6일
1777,신고
1778,★★★★★ 맛 ★ 5 양 ★ 5 배달 ★ 5
1779,레드킹 윙/1
1780,맛있어요...어머니도 좋아하시고 ^^ ...양념에 밥비벼먹는 맛도 쏠쏠합니다..^^;;
1781,86**
1782, 2022년 1월 6일
1783,신고
1784,★★★★★ 맛 ★ 5 양 ★ 5
1785,뿌링클（반）＋치즈볼/1
1786,늘 맛있어요!!!!
1787,ja**
1788, 2022년 1월 6일
1789,신고
1790,★★★★★ 맛 ★ 5 양 ★ 5 배달 ★ 5
1791,"빅콜팝/1,뿌링치즈스틱/1"
1792,맛있어요!! 또시킬게요
1793,ka**
1794, 2022년 1월 6일
1795,신고
1796,★★★★★ 맛 ★ 5 양 ★ 5 배달 ★ 5
1797,뿌링클 콤보/1(옵션(콜라1.25L))
1798,뿌링클 맛있어요. 또 주문할께요
1799,wl**
1800, 2022년 1월 6일
1801,신고
1802,★★★★★ 맛 ★ 5 양 ★ 5
1803,뿌링클 콤보/1
1804,항상 맛있게 먹습니다
1805,pi**
1806, 2022년 1월 5일
1807,신고
1808,★★★★★ 맛 ★ 5 양 ★ 5 배달 ★ 5
1809,뿌링클（반）＋치즈볼/1
1810,맛있어요~~👍👍👍👍
1811,ml**
1812, 2022년 1월 5일
1813,신고
1814,★★★★★ 맛 ★ 4 양 ★ 5 배달 ★ 5
1815,골드킹 콤보/1
1816,튀김옷이 다른지점보다 안바삭해요 외관도 조금 달러요 그래도 맛있습니다
1817,li**
1818, 2022년 1월 5일
1819,신고
1820,★★★★★ 맛 ★ 5 양 ★ 5
1821,뿌링클（반）＋치즈볼/1
1822,너무 잘 먹었습니다 픽업시간에 맞춰서 해주셔서 하나도 안 식고 감사했어요
1823,ch**
1824, 2022년 1월 5일
1825,신고
1826,★★★★★ 맛 ★ 5 양 ★ 5 배달 ★ 5
1827,하바네로 포테킹 후라이드/1
1828,맛있게 잘 먹었습니다
1829,na**
1830, 2022년 1월 4일
1831,신고
1832,★★★★★ 맛 ★ 5 양 ★ 5 배달 ★ 5
1833,후라이드 반／양념 반/1
1834,정말 맛있어요! 감사합니다!
1835,jo**
1836, 2022년 1월 4일
1837,신고
1838,★★★★★ 맛 ★ 5 양 ★ 5 배달 ★ 5
1839,골드킹 콤보＋치즈볼/1(디저트(케이준프라이))
1840,바삭하고 맛있어요..
1841,ni**
1842, 2022년 1월 3일
1843,신고
1844,★★★★★ 맛 ★ 5 양 ★ 5 배달 ★ 5
1845,맛초킹 콤보/1
1846,배달도 빠르고 맛있어요! 고추랑 같이 먹어도 좋아요
1847,sh**
1848, 2022년 1월 2일
1849,신고
1850,★★★★★ 맛 ★ 5 양 ★ 5 배달 ★ 5
1851,하바네로 포테킹 후라이드/1
1852,사무실 직원이 너무 맛있다고 추전해서 시켜먹어봤어요. 21살아들이 혼자 다 못억네요. 또 주문할께요.사장
1853, 힘내세요
1854,kh**
1855, 2022년 1월 2일
1856,신고
1857,★★★★★ 맛 ★ 4 양 ★ 4 배달 ★ 1
1858,골드킹 콤보/1
1859,배달 너무 늦었어요... 좀 식어서 오기도 했고 맛은 괜찮았습니다.
1860,db**
1861, 2021년 12월 31일
1862,신고
1863,★★★★★ 맛 ★ 5 양 ★ 5 배달 ★ 5
1864,골드킹（반）＋치즈볼/1
1865,맛있게잘먹었습니다.
1866,kc**
1867, 2021년 12월 25일
1868,신고
1869,★★★★★ 맛 ★ 5 양 ★ 5 배달 ★ 5
1870,맛초킹（반）＋치즈볼/1
1871,크리스마스 8분남기고 받아서 더 행복해여🤤❤ 맛은 굳이 설명안해도 되는...♡
1872,ff**
1873, 2021년 12월 25일
1874,신고
1875,★★★★★ 맛 ★ 5 양 ★ 4 배달 ★ 5
1876,"레드킹 콤보/1,포테킹 후라이드/1"
1877,잘먹었습니다~~~~~
1878,pi**
1879, 2021년 12월 25일
1880,신고
1881,★★★★★ 맛 ★ 5 양 ★ 5 배달 ★ 5
1882,뿌링클（반）＋치즈볼/1
1883,너무 맛있어요. 굳👍👍👍
1884,da**
1885, 2021년 12월 25일
1886,신고
1887,★★★★★ 맛 ★ 5 양 ★ 5 배달 ★ 1
1888,후라이드 윙/1(옵션(콜라1.25L))
1889,엄마댁에 보내드렸는데 비대면 요청드린적 없었는데요 기사
1890,이 1층 공동현관 벨만 누르시고 문앞에 두시고 그냥 가셨나봐요 현관문이라도 두들기고 두시지ㅜㅜ 안오신줄 알고 못드시고 아침에야 확인하셨네요
1891,손
1892, 2021년 12월 23일
1893,신고
1894,★★★★★ 맛 ★ 5 양 ★ 5 배달 ★ 5
1895,"후라이드 반／양념 반/1(디저트(뿌링핫도그,뿌링치즈스틱),옵션(콜라1.25L))"
1896,음식이 마시고 배달 서비스가 좋았어요.
1897,se**
1898, 2021년 12월 15일
1899,신고
1900,★★★★★ 맛 ★ 5 양 ★ 3 배달 ★ 3
1901,맛초킹 콤보/1
1902,맛은 진짜 잇는데 양은 조금 아쉽네요 ㅠㅠ
1903,si**
1904, 2021년 12월 14일
1905,신고
1906,★★★★★ 맛 ★ 5 양 ★ 5
1907,후라이드/1
1908,항상 맛있게 먹어요
1909,si**
1910, 2021년 12월 14일
1911,신고
1912,★★★★★ 맛 ★ 5 양 ★ 5
1913,후라이드/1
1914,항상 맛있게 먹어요
1915,91**
1916, 2021년 12월 13일
1917,신고
1918,★★★★★ 맛 ★ 5 양 ★ 5 배달 ★ 5
1919,뿌링클순살/1
1920,맛있게 잘 먹었습니다.
1921,ye**
1922, 2021년 12월 13일
1923,신고
1924,★★★★★ 맛 ★ 5 양 ★ 5
1925,뿌링클 콤보/1(디저트(뿌링멘보샤))
1926,맛있었어요!!!!!!!
1927,33**
1928, 2021년 12월 12일
1929,신고
1930,★★★★★ 맛 ★ 5 양 ★ 5 배달 ★ 5
1931,레드킹/1
1932,맛있게 잘 먹었습니다. 감사합니다!!
1933,zz**
1934, 2021년 12월 11일
1935,신고
1936,★★★★★ 맛 ★ 5 양 ★ 5 배달 ★ 5
1937,"레드킹/1,후라이드/1,콜라1.25L/1"
1938,굿굿굿굿굿굿굿굿굿굿굿
1939,ne**
1940, 2021년 12월 11일
1941,신고
1942,★★★★★ 맛 ★ 5 양 ★ 5 배달 ★ 5
1943,후라이드/1
1944,되게 맛있어요!!!
1945,bl**
1946, 2021년 12월 10일
1947,신고
1948,★★★★★ 맛 ★ 5 양 ★ 5 배달 ★ 5
1949,후라이드 윙/1
1950,맛있어서 자주 시켜먹어요
1951,ka**
1952, 2021년 12월 10일
1953,신고
1954,★★★★★ 맛 ★ 5 양 ★ 5 배달 ★ 5
1955,"후라이드 윙/1,소주/1,카스（병） 500ml/1"
1956,맛있게 잘 먹었습니다 감사합니다
1957,po**
1958, 2021년 12월 9일
1959,신고
1960,★★★★★ 맛 ★ 5 양 ★ 5
1961,골드킹（반）＋치즈볼/1
1962,반마리 메뉴 양이 딱 좋아요
1963,mi**
1964, 2021년 12월 9일
1965,신고
1966,★★★★★ 맛 ★ 5 양 ★ 5 배달 ★ 5
1967,골드킹/1
1968,맛있어요 ㅎㅎㅎㅎㅎ
1969,ch**
1970, 2021년 12월 9일
1971,신고
1972,★★★★★ 맛 ★ 5 양 ★ 4
1973,골드킹 콤보/1
1974,잘먹었습니다!!!!
1975,gp**
1976, 2021년 12월 9일
1977,신고
1978,★★★★★ 맛 ★ 5 양 ★ 5 배달 ★ 5
1979,"핫후라이드/1(변경&추가(뿌링뿌링소스 추가,스윗하바네로소스))"
1980,배달도 빠르고 맛있게 잘 먹었어용~!
1981,hs**
1982, 2021년 12월 9일
1983,신고
1984,★★★★★ 맛 ★ 5 양 ★ 5 배달 ★ 5
1985,양념맵소킹/1
1986,맛있게 잘먹었습니다!
1987,na**
1988, 2021년 12월 9일
1989,신고
1990,★★★★★ 맛 ★ 5 양 ★ 5 배달 ★ 5
1991,후라이드 반／양념 반/1
1992,정말 맛있어요! 감사합니다!
1993,he**
1994, 2021년 12월 8일
1995,신고
1996,★★★★★ 맛 ★ 5 양 ★ 5 배달 ★ 5
1997,맛초킹/1
1998,너무 맛있어요ㅠㅠㅠㅠㅠ 최애
1999,lr**
2000, 2021년 12월 8일
2001,신고
2002,★★★★★ 맛 ★ 5 양 ★ 5 배달 ★ 5
2003,하바네로 포테킹 후라이드/1(옵션(콜라1.25L))
2004,바삭하고 양도 많아 좋았습니다^^맛있게 먹었습니다
2005,93**
2006, 2021년 12월 8일
2007,신고
2008,★★★★★ 맛 ★ 5 양 ★ 5
2009,커리퀸/1
2010,맛있어요!! 다음엔 또 시킬게요
2011,ho**
2012, 2021년 12월 8일
2013,신고
2014,★★★★★ 맛 ★ 5 양 ★ 5 배달 ★ 5
2015,뿌링클（반）＋치즈볼/1
2016,배달도 빠르고 맛있어용☺️☺️
2017,yr**
2018, 2021년 12월 8일
2019,신고
2020,★★★★★ 맛 ★ 5 양 ★ 5 배달 ★ 2
2021,뿌링클 콤보/1(디저트(달콤바삭치즈볼))
2022,배달 예상시간 조금 넘어서 도착했고 음식 특히 치즈볼이 식어서 치즈가 많이 굳어서 왔어요. 다시 에프에 데워서 먹었네요. 배달 상태가 그래서 기분이 안 좋았는데 치즈볼 먹자마자 맛있어서 풀렸어요..ㅎㅎ 음식 맛있었어요 음식은 잘못이 없죠... 맛있게 먹었습니다.
2023,ms**
2024, 2021년 12월 8일
2025,신고
2026,★★★★★ 맛 ★ 5 양 ★ 5 배달 ★ 5
2027,후라이드 스틱/1
2028,굿쟙. bhc의 유일한 단점은 순살이 가슴살
2029,97**
2030, 2021년 12월 7일
2031,신고
2032,★★★★★ 맛 ★ 5 양 ★ 5 배달 ★ 5
2033,"뿌링클순살/1,후라이드/1"
2034,뿌링클 순살이 먹기도 편하고 맛있네요~! 잘먹었습니다!
2035,bi**
2036, 2021년 12월 7일
2037,신고
2038,★★★★★ 맛 ★ 5 양 ★ 5
2039,골드킹/1
2040,겉바속초 골드킹 맛있어요
2041,nk**
2042, 2021년 12월 7일
2043,신고
2044,★★★★★ 맛 ★ 5 양 ★ 5
2045,뿌링클 콤보＋치즈볼/1(디저트(뿌링감자))
2046,맛있어여 사장
2047,도 친절하시구요 'ڡ'
2048,kc**
2049, 2021년 12월 7일
2050,신고
2051,★★★★★ 맛 ★ 5 양 ★ 5 배달 ★ 5
2052,"바삭클/1(변경&추가(뿌링뿌링소스 추가),디저트(달콤바삭치즈볼),옵션(콜라1.25L))"
2053,또 먹고 시퍼요 ㅜㅜ ♡
2054,sk**
2055, 2021년 12월 7일
2056,신고
2057,★★★★★ 맛 ★ 3 양 ★ 2 배달 ★ 5
2058,골드킹 콤보/1
2059,튀김옷이 벗겨진게 있고 다리 살이 적네요.. 직전에 다른 지점에서 시킨게 맛있어서 비슷하겠지 하고 시켰는데 이건 좀...봉이랑 윙도 분리없이 같이 한 번에 오는거 안내 미리하셔야할듯
2060,ih**
2061, 2021년 12월 7일
2062,신고
2063,★★★★★ 맛 ★ 5 양 ★ 5
2064,맛초킹순살/1
2065,맛있게 잘먹었습니다~~~~
2066,as**
2067, 2021년 12월 7일
2068,신고
2069,★★★★★ 맛 ★ 5 양 ★ 5
2070,뿌링클 콤보/1
2071,잘 먹었습니다~~~
2072,ka**
2073, 2021년 12월 7일
2074,신고
2075,★★★★★ 맛 ★ 5 양 ★ 5
2076,골드킹/1
2077,맛있어요~~~~~~
2078,64**
2079, 2021년 12월 7일
2080,신고
2081,★★★★★ 맛 ★ 5 양 ★ 5 배달 ★ 5
2082,후라이드 윙/1(옵션(콜라1.25L))
2083,😊😊😊😊😊😊😌😊😌😌😊😊
2084,wa**
2085, 2021년 12월 7일
2086,신고
2087,★★★★★ 맛 ★ 5 양 ★ 5 배달 ★ 5
2088,포테킹 후라이드 콤보/1
2089,"맛있었요,정말 맛있는 것 같아요"
2090,wa**
2091, 2021년 12월 6일
2092,신고
2093,★★★★★ 맛 ★ 5 양 ★ 5 배달 ★ 5
2094,뿌링맵소킹 콤보/1(디저트(달콤바삭치즈볼))
2095,#식후감 맛있어요><
2096,so**
2097, 2021년 12월 6일
2098,신고
2099,★★★★★ 맛 ★ 5 양 ★ 5 배달 ★ 5
2100,뿌링클 콤보/1
2101,배달이 빠르고 친절해요 맛있게먹었습니다
2102,jo**
2103, 2021년 12월 6일
2104,신고
2105,★★★★★ 맛 ★ 5 양 ★ 5
2106,레드킹/1(옵션(콜라1.25L))
2107,정말 맛있습니다. 감사합니다!
2108,jo**
2109, 2021년 12월 6일
2110,신고
2111,★★★★★ 맛 ★ 5 양 ★ 5
2112,맛초킹/1
2113,맛있게 잘 먹었습니다.
2114,na**
2115, 2021년 12월 6일
2116,신고
2117,★★★★★ 맛 ★ 5 양 ★ 5 배달 ★ 5
2118,뿌링클 콤보/1
2119,정말 맛있어요! 감사합니다!
2120,le**
2121, 2021년 12월 5일
2122,신고
2123,★★★★★ 맛 ★ 5 양 ★ 5
2124,뿌링클 스틱/1
2125,뿌링클 스틱 맛있어요
2126,ho**
2127, 2021년 12월 5일
2128,신고
2129,★★★★★ 맛 ★ 5 양 ★ 5
2130,바삭클/1
2131,맛있게 잘 먹었습니다!
2132,gm**
2133, 2021년 12월 5일
2134,신고
2135,★★★★★ 맛 ★ 5 양 ★ 5 배달 ★ 5
2136,맛초킹 콤보/1(디저트(달콤바삭치즈볼))
2137,완벽한 치킨 맛집입니다
2138,ij**
2139, 2021년 12월 5일
2140,신고
2141,★★★★★ 맛 ★ 5 양 ★ 5 배달 ★ 5
2142,"골드킹 순살/1(디저트(꿀호떡,뿌링멘보샤))"
2143,맛있게 잘 먹었습니다.
2144,ru**
2145, 2021년 12월 5일
2146,신고
2147,★★★★★ 맛 ★ 5 양 ★ 5 배달 ★ 5
2148,"뿌링멘보샤/1,뿌링치즈볼/1,뿌링뿌링소스/3"
2149,맛있게 잘 먹었어요! 치즈볼은 하나 먹고 찍었네요 ㅋㅋ
2150,du**
2151, 2021년 12월 5일
2152,신고
2153,★★★★★ 맛 ★ 5 양 ★ 5
2154,양념치킨/1
2155,맛있어요~~~~~~~
2156,jw**
2157, 2021년 12월 5일
2158,신고
2159,★★★★★ 맛 ★ 5 양 ★ 5 배달 ★ 5
2160,후라이드/1(옵션(콜라1.25L))
2161,맛있었음 다음에 또 시킬것
2162,10**
2163, 2021년 12월 5일
2164,신고
2165,★★★★★ 맛 ★ 5 양 ★ 5 배달 ★ 5
2166,맛초킹（반）＋치즈볼/1
2167,맛있게 잘 먹었습니다!!!
2168,le**
2169, 2021년 12월 5일
2170,신고
2171,★★★★★ 맛 ★ 5 양 ★ 5
2172,맛초킹 스틱/1
2173,맛초킹 스틱 맛있어요
2174,ap**
2175, 2021년 12월 4일
2176,신고
2177,★★★★★ 맛 ★ 5 양 ★ 5 배달 ★ 5
2178,뿌링클 콤보/1
2179,"타 지점은 원하는 메뉴가 없을때가 많은데, 여긴 항상 오케이라 좋아요"
2180,ju**
2181, 2021년 12월 4일
2182,신고
2183,★★★★★ 맛 ★ 3 양 ★ 4
2184,골드킹 콤보/1
2185,허니콤보 기대하고 먹어봤는데 그 맛은 아니네요 간장치킨맛
2186,jw**
2187, 2021년 12월 4일
2188,신고
2189,★★★★★ 맛 ★ 5 양 ★ 5 배달 ★ 5
2190,뿌링클（반）＋치즈볼/1
2191,혼자서 먹기 딱 좋아요~! 맛있습니다ㅎㅎ
2192,go**
2193, 2021년 12월 4일
2194,신고
2195,★★★★★ 맛 ★ 5 양 ★ 5 배달 ★ 5
2196,핫후라이드/1
2197,#식후감 깨끗한기름을쓰는것같네요 평소엔 집근처bhc가뜨는데오늘은 다 영업준비중이라 종로쪽에 시켰는데 식지않고 뜨겁게 배달되어 좋았어요
2198,sa**
2199, 2021년 12월 4일
2200,신고
2201,★★★★★ 맛 ★ 5 양 ★ 5 배달 ★ 5
2202,골드킹 콤보/1
2203,맛있게 잘 먹었습니다
2204,12**
2205, 2021년 12월 4일
2206,신고
2207,★★★★★ 맛 ★ 5 양 ★ 5 배달 ★ 5
2208,뿌링클 콤보＋치즈볼/1
2209,너무 맛있어요!!!
2210,91**
2211, 2021년 12월 4일
2212,신고
2213,★★★★★ 맛 ★ 5 양 ★ 5 배달 ★ 5
2214,싸이순살/1
2215,맛있게 잘 먹었습니다.
2216,71**
2217, 2021년 12월 4일
2218,신고
2219,★★★★★ 맛 ★ 5 양 ★ 5
2220,골드킹/1
2221,골드킹 양념이 잘 발라져 있어서 좋았어요ㅎㅎ
2222,71**
2223, 2021년 12월 4일
2224,신고
2225,★★★★★ 맛 ★ 5 양 ★ 5
2226,"뿌링멘보샤/1,달콤바삭치즈볼/1,뿌링핫도그/1"
2227,멘보샤는 처음 먹어보는데 너무 맛있어요!!
2228,hy**
2229, 2021년 12월 4일
2230,신고
2231,★★★★★ 맛 ★ 5 양 ★ 5
2232,뿌링클순살/1
2233,좋아요 잘먹었습니다
2234,as**
2235, 2021년 12월 4일
2236,신고
2237,★★★★★ 맛 ★ 5 양 ★ 5
2238,포테킹 후라이드/1(변경&추가(스윗하바네로소스))
2239,박스 리뉴얼 이쁨 자칫 눅눅할 수 잇는 튀김옷이 매우 바삭캄 푸짐한 양까지!
2240,ni**
2241, 2021년 12월 4일
2242,신고
2243,★★★★★ 맛 ★ 5 양 ★ 5
2244,맛초킹 스틱/1
2245,맛있게 먹었습니다.
2246,to**
2247, 2021년 12월 4일
2248,신고
2249,★★★★★ 맛 ★ 5 양 ★ 5 배달 ★ 5
2250,뿌링클 윙/1
2251,오랜만에 맛있게잘먹었어요
2252,he**
2253, 2021년 12월 3일
2254,신고
2255,★★★★★ 맛 ★ 5 양 ★ 5 배달 ★ 5
2256,맛초킹/1
2257,최고에요~~!!!
2258,tu**
2259, 2021년 12월 3일
2260,신고
2261,★★★★★ 맛 ★ 5 양 ★ 5 배달 ★ 5
2262,뿌링클순살/1(옵션(콜라1.25L))
2263,순살로 처음 먹어본거같은데 맛있었습니다
2264,da**
2265, 2021년 12월 3일
2266,신고
2267,★★★★★ 맛 ★ 5 양 ★ 5 배달 ★ 5
2268,빠텐더/1
2269,맛있게 잘 먹었습니다
2270,el**
2271, 2021년 12월 3일
2272,신고
2273,★★★★★ 맛 ★ 2 양 ★ 2
2274,맛초킹（반）＋치즈볼/1
2275,오늘은좀별로엿어요
2276,22**
2277, 2021년 12월 2일
2278,신고
2279,★★★★★ 맛 ★ 5 양 ★ 5
2280,"맛초킹순살/1,뿌링감자/1"
2281,Goooooooood
2282,bk**
2283, 2021년 12월 2일
2284,신고
2285,★★★★★ 맛 ★ 5 양 ★ 5 배달 ★ 5
2286,후라이드 콤보/1
2287,맛있게 잘 먹었습니다.
2288,as**
2289, 2021년 12월 2일
2290,신고
2291,★★★★★ 맛 ★ 5 양 ★ 5
2292,골드킹 콤보/1
2293,잘 먹었습니다 ~ 양념은 더 발려주셔서 감사합니다.
2294,rb**
2295, 2021년 12월 2일
2296,신고
2297,★★★★★ 맛 ★ 5 양 ★ 5
2298,맛초킹 콤보/1
2299,포장인데 순식간에됐어요
2300,du**
2301, 2021년 12월 2일
2302,신고
2303,★★★★★ 맛 ★ 5 양 ★ 5 배달 ★ 5
2304,맛초킹（반）＋치즈볼/1
2305,정말 맛있군 ㅎㅎ
2306,en**
2307, 2021년 12월 2일
2308,신고
2309,★★★★★ 맛 ★ 5 양 ★ 5
2310,뿌링클（반）＋치즈볼/1(변경&추가(뿌링 치즈볼로 변경))
2311,엄청 따뜻해서 맛있고 반마리도 많고 치즈볼도 쫀득해서 좋아요!
2312,mi**
2313, 2021년 12월 2일
2314,신고
2315,★★★★★ 맛 ★ 5 양 ★ 5 배달 ★ 5
2316,"뿌링치즈스틱/1,뿌링클 콤보＋뿌링치즈볼/1"
2317,치즈스틱은 처음 먹어보는데 괜찮네요! 너무 맛있게 잘 먹었습니당ㅎㅎ
2318,he**
2319, 2021년 12월 2일
2320,신고
2321,★★★★★ 맛 ★ 5 양 ★ 5 배달 ★ 5
2322,뿌링클 콤보/1
2323,배달도 빠르고 치킨 맛있다~
2324,ra**
2325, 2021년 12월 1일
2326,신고
2327,★★★★★ 맛 ★ 5 양 ★ 5
2328,뿌링클（반）＋치즈볼/1(변경&추가(뿌링 치즈볼로 변경))
2329,아주 맛있게 잘먹었습니다
2330,my**
2331, 2021년 12월 1일
2332,신고
2333,★★★★★ 맛 ★ 5 양 ★ 5
2334,후라이드/1
2335,맛있게 잘 먹었습니다.
2336,al**
2337, 2021년 12월 1일
2338,신고
2339,★★★★★ 맛 ★ 4 양 ★ 4
2340,맛초킹/1
2341,너무 치킨이 부서져잇지만 맛은 괜춘
2342,co**
2343, 2021년 12월 1일
2344,신고
2345,★★★★★ 맛 ★ 5 양 ★ 5
2346,양념치킨/1
2347,양념도 많고 치킨도 맛있고
2348,op**
2349, 2021년 12월 1일
2350,신고
2351,★★★★★ 맛 ★ 5 양 ★ 5
2352,뿌링클/1
2353,잘 먹었습니다~!!
2354,t_**
2355, 2021년 12월 1일
2356,신고
2357,★★★★★ 맛 ★ 5 양 ★ 5
2358,뿌링클 콤보/1
2359,넘 맛있게 잘먹었어요 👍
2360,cj**
2361, 2021년 11월 30일
2362,신고
2363,★★★★★ 맛 ★ 5 양 ★ 4 배달 ★ 3
2364,뿌링클 콤보/1
2365,날씨가 추워서그런지 예상배달시간보다 많이늦어서 치킨이 많이식어서왔는데 그래도 맛은있네요
2366,le**
2367, 2021년 11월 30일
2368,신고
2369,★★★★★ 맛 ★ 5 양 ★ 5
2370,골드킹 스틱/1
2371,골드킹 스틱 맛있어요
2372,71**
2373, 2021년 11월 30일
2374,신고
2375,★★★★★ 맛 ★ 4 양 ★ 4
2376,맛초킹（반）＋치즈볼/1
2377,오늘은 많이 바쁘셨는지 치킨이 저번처럼 맛있진 않아서 아쉬웠습니다ㅠㅠ 소스도 잘 안발라져있고.. 그래도 잘 먹었습니다!
2378,zz**
2379, 2021년 11월 30일
2380,신고
2381,★★★★★ 맛 ★ 4 양 ★ 5
2382,후라이드/1
2383,bhc후라이드 제일 좋아해요 근데 이날은 약간 기름이 많았어요ㅜ
2384,io**
2385, 2021년 11월 30일
2386,신고
2387,★★★★★ 맛 ★ 5 양 ★ 5 배달 ★ 5
2388,뿌링클순살/1
2389,맛있어요 양념이가득!
2390,30**
2391, 2021년 11월 30일
2392,신고
2393,★★★★★ 맛 ★ 5 양 ★ 5 배달 ★ 5
2394,후라이드 반／양념 반/1
2395,너무너무너무 좋아요~~
2396,du**
2397, 2021년 11월 30일
2398,신고
2399,★★★★★ 맛 ★ 1 양 ★ 1
2400,뿌링클/1
2401,여러번 튀긴 오래된 날개가 3개이고 허벅지살이 없는 부위가 전혀 안맞는 치킨을 받았어요. 여러번 튀겨서 살이 뼈보다 딱딱해요.
2402,사장
2403, 2021년 11월 30일
2404,신고
2405,고객
2406, 리뷰 감사합니다. 저희매장은 주문후 바로 조리에 들어갑니다. 선조리는 하지않습니다. 오해없으시길 바랍니다. 신선육 경우 본사에서 일괄적으로 입고됩니다.
2407,zo**
2408, 2021년 11월 30일
2409,신고
2410,★★★★★ 맛 ★ 3 양 ★ 4 배달 ★ 4
2411,후라이드＋뿌링멘보샤/1
2412,멘보샤에 양념이 너무 많아서 짰습니다
2413,75**
2414, 2021년 11월 30일
2415,신고
2416,★★★★★ 맛 ★ 5 양 ★ 4
2417,맛초킹순살/1
2418,기대하고 주문했는데 그냥 그렇네요..
2419,na**
2420, 2021년 11월 30일
2421,신고
2422,★★★★★ 맛 ★ 4 양 ★ 4 배달 ★ 5
2423,골드킹 콤보/1
2424,맛있어요! 감사합니다!
2425,co**
2426, 2021년 11월 30일
2427,신고
2428,★★★★★ 맛 ★ 5 양 ★ 5
2429,뿌링클순살/1
2430,치킨이 맛있습니다
2431,yj**
2432, 2021년 11월 30일
2433,신고
2434,★★★★★ 맛 ★ 5 양 ★ 5 배달 ★ 5
2435,뿌링클 콤보/1
2436,맛있게 잘 먹었습니다
2437,el**
2438, 2021년 11월 29일
2439,신고
2440,★★★★★ 맛 ★ 5 양 ★ 5 배달 ★ 5
2441,맛초킹/1
2442,문의내용 친절하시고 맛있습니다!
2443,du**
2444, 2021년 11월 29일
2445,신고
2446,★★★★★ 맛 ★ 5 양 ★ 5 배달 ★ 5
2447,뿌링클 콤보/1
2448,맛있습니당.양도 많고요
2449,ho**
2450, 2021년 11월 28일
2451,신고
2452,★★★★★ 맛 ★ 5 양 ★ 5
2453,맛초킹/1
2454,맛있게 잘 먹었어요!
2455,ks**
2456, 2021년 11월 28일
2457,신고
2458,★★★★★ 맛 ★ 5 양 ★ 5 배달 ★ 5
2459,뿌링클순살/1
2460,배달이 정말 빨라서 따뜻한 치킨 맛있게 잘 먹었습니다 감사합니다
2461,io**
2462, 2021년 11월 28일
2463,신고
2464,★★★★★ 맛 ★ 4 양 ★ 4 배달 ★ 5
2465,"골드킹/1,머스타드소스/1"
2466,튀김이 다 많이벗겨지고 부스러기가많아서 아쉬워요
2467,rh**
2468, 2021년 11월 28일
2469,신고
2470,★★★★★ 맛 ★ 4 양 ★ 4
2471,"달콤바삭치즈볼/1,뿌링치즈스틱/1,케이준프라이/1,뿌링뿌링소스/1,콜라1.25L/1"
2472,사이드만 주문해도 항상 친절하게 잘 준비해주셔서 좋아요
2473,ws**
2474, 2021년 11월 28일
2475,신고
2476,★★★★★ 맛 ★ 5 양 ★ 5 배달 ★ 5
2477,후라이드/1
2478,할인 이벤트로 맛있게 잘 먹었네요
2479,lk**
2480, 2021년 11월 28일
2481,신고
2482,★★★★★ 맛 ★ 5 양 ★ 5 배달 ★ 5
2483,"뿌링클 순살＋치즈볼/1(변경&추가(뿌링 치즈볼로 변경),변경&추가(뿌링뿌링소스 추가))"
2484,항상 맛있게 먹고있어요
2485,ro**
2486, 2021년 11월 27일
2487,신고
2488,★★★★★ 맛 ★ 5 양 ★ 5 배달 ★ 5
2489,맛초킹 콤보/1
2490,첨 먹어봤는데 맛있어요~ 적당하게 맵고 다음에 또 주문할거같아요~
2491,op**
2492, 2021년 11월 27일
2493,신고
2494,★★★★★ 맛 ★ 5 양 ★ 5
2495,뿌링클 콤보/1
2496,잘 먹었습니다~!!
2497,lu**
2498, 2021년 11월 27일
2499,신고
2500,★★★★★ 맛 ★ 5 양 ★ 5 배달 ★ 5
2501,뿌링클순살/1
2502,뿌링가루 진짜 많이 뿌려주셨어요 원래 리뷰 안 쓰는데 너무너무 감동 받아서 씁니다.. 여러 지점에서 먹어봤지만 정말 많이 뿌려주셨어요❤️❤️감사합니다 :)
2503,6p**
2504, 2021년 11월 27일
2505,신고
2506,★★★★★ 맛 ★ 5 양 ★ 5 배달 ★ 5
2507,뿌링클 콤보/1
2508,할인기간이라 반마리 메뉴가 막혔더라고요 ㅜㅜ 아쉬웠지만 뿌링클 콤보로 대신했어요.. 잘 먹었습니당 ~~
2509,co**
2510, 2021년 11월 27일
2511,신고
2512,★★★★★ 맛 ★ 5 양 ★ 5
2513,맛초킹/1
2514,할인도 하고 치킨도 맛있고 좋네요
2515,in**
2516, 2021년 11월 27일
2517,신고
2518,★★★★★ 맛 ★ 5 양 ★ 5 배달 ★ 5
2519,맛초킹 콤보/1(옵션(콜라1.25L))
2520,맛있게잘먹엇습니다.
2521,kj**
2522, 2021년 11월 27일
2523,신고
2524,★★★★★ 맛 ★ 5 양 ★ 5 배달 ★ 5
2525,골드킹 콤보/1
2526,달달하니 맛있게 잘 먹었습니다~
2527,re**
2528, 2021년 11월 27일
2529,신고
2530,★★★★★ 맛 ★ 5 양 ★ 5
2531,포테킹 후라이드/1
2532,너무맛있어요 ! 강추!!!!!
2533,el**
2534, 2021년 11월 27일
2535,신고
2536,★★★★★ 맛 ★ 5 양 ★ 5
2537,뿌링클（반）＋치즈볼/1(변경&추가(뿌링 치즈볼로 변경))
2538,항상잘먹고잇어요
2539,le**
2540, 2021년 11월 27일
2541,신고
2542,★★★★★ 맛 ★ 5 양 ★ 5
2543,뿌링클 스틱/1
2544,뿌링클 스틱 맛있어요
2545,71**
2546, 2021년 11월 26일
2547,신고
2548,★★★★★ 맛 ★ 5 양 ★ 5
2549,골드킹/1
2550,어제도 시켜먹고 오늘도 시켜먹었어요ㅎㅎ 너무 맛있습니당!!!
2551,kg**
2552, 2021년 11월 26일
2553,신고
2554,★★★★★ 맛 ★ 5 양 ★ 5
2555,맛초킹（반）＋치즈볼/1
2556,맛있게 잘 먹었습니다!
2557,pa**
2558, 2021년 11월 26일
2559,신고
2560,★★★★★ 맛 ★ 5 양 ★ 5 배달 ★ 5
2561,핫후라이드/1
2562,적당히 매콤하고 맛있었어요 잘먹었습니다~
